INCOMING_ID,SOURCE_SYSTEM,RECORD_NAME,ADDRESS,POSTCODE,COUNTRY,WEBSITE,VAT_ID
IN-00001,ERP_VENDORS,Bellfastshane Nominees 2 LTD,"1st floor rico ho george st, prestwich, manchestser",M259WS,GB,,
IN-00002,WEB_FORM,AFGHAN RESTURANT AND CATERING HOUSE,"106 ST. THOMAS ROAD, DERBY",DE23 8SW,UK,,
IN-00003,CRM,AGAPE EDUCATION Limited,"Old Presbytery, Aintree Lane, Liverpool",L10 2JJ,GB,,
IN-00004,WEB_FORM,350 BURGER LTD,"Unit 11 The Shed, Sergeants Yard, Bordon",GU35 0DJ,UK,,
IN-00005,WEB_FORM,Botes Beheer Bv,"3 CANALSIDE, REDHILL",RH1 2NH,United Kingdom,,
IN-00006,CRM,A MILNEBUILDING CONSTRUCTION LIMITED,"22 Hillside Ave, Seaford",BN25 3LA,ENGLAND,,
IN-00007,WEB_FORM,37 BRUNSWICK SQUARE MANAGEMENT LIMITED,"37 Brunswick Square, Hove",BN3 1ED,UK,,
IN-00008,ERP_VENDORS,46 Rutland Gate (Management) Limited Company,"UNIT 16 NORTHFIELDS PROSPECT BUSINESS CENTRE, PUTNEY BRIDGE ROAD, LONDON",SW18 1PE,ENGLAND,,
IN-00009,WEB_FORM,ALLDUCTSMAINTENANCE SERVICES LTD,"92 FRIERN GARDENS, WICKFORD",SS12 0HD,,,
IN-00010,CRM,Acudata LTD,"71-75 Shelton Street, Covent Garden, London",WC2H 9JQ,,,
IN-00011,CRM,As Energy Services Limited,"1 Westminster Cl, Northwich CW8 1GQ",,UK,,
IN-00012,WEB_FORM,Alesh Care,,,,,327 0254 07
IN-00013,ERP_VENDORS,Blockteck,"Office 340 Courthill House, 60 Water Lane, Wimslow",SK9 5AJ,UNITED KINGDOM,,GB 186 5956 42
IN-00014,ERP_VENDORS,AVIEMONTRADING LP Ltd,"39/5 granton crescent, edinburgh",eh5 1bn,GB,,
IN-00015,ERP_VENDORS,Astoria Court Consultancy Ltd,"167-169 Great Portland Street, London",W1W 5PF,United Kingdom,,
IN-00016,WEB_FORM,BRANDSCAPE LIMITED,"59-61 charlotte st, birmingham",B31PX,UK,,
IN-00017,CRM,AKC CONSTRUCTION LIMITED,"1 hudson rd, warrington WA2 0GP",,UK,,
IN-00018,WEB_FORM,Branar Trans,,,GB,,gb 099207518
IN-00019,ERP_VENDORS,ARCHWAYS CARE Limited,"CHAMBERLAIN HOUSE FOCUS FOSTER CARE, STONELEIGH PARK, KENILWORTH",CV8 2LG,ENGLAND,,
IN-00020,WEB_FORM,ARTICS LTD,"Suite 2/3 2Nd Floor, Glasgow",G21BP,United Kingdom,,
IN-00021,ERP_VENDORS,Bonaventure Road Management Company Ltd.,"180 Bridge Road, Victor Stewart, Sarisbury Buildings, Southampton",SO31 7EH,UNITED KINGDOM,,
IN-00022,CRM,Asl Group London,"Unit 12-13 Victoria Industrial Park, Victoria Road, Dartford",DA1 5AJ,GB,,448 8448 09
IN-00023,CRM,360 Whels Limited,"160 WELLWORTHY ROAD, LYMINGTON",SO41 8JY,,,
IN-00024,WEB_FORM,BLOC ARCHITECTURE Limited,"4 STONEHILL CROFT, SHIRLEY, SOLIHULL",B90 4TD,GB,,
IN-00025,ERP_VENDORS,Basis Research Limited,"264 banbury rd, oxford OX2 7DY",,GB,,
IN-00026,CRM,Bhl Plumbing And Heatng Limited,"129 Shaldon Drive, Morden",SM4 4BQ,,,
IN-00027,ERP_VENDORS,Brightoncoutr (Freehold) Limited,"322 Upper Richmond Road, London",SW15 6TL,United Kingdom,,
IN-00028,CRM,Associated Legal And Financial,,,United Kingdom,shop.associatedlegalandfinancial.co.uk,
IN-00029,ERP_VENDORS,Adorim Limited,"Rice & Co, Walsall WS8 6EW",,GB,,
IN-00030,CRM,AVLAY,"124 CITY ROAD, LONDON",,ENGLAND,,
IN-00031,ERP_VENDORS,Blue Skies Travel,,,UK,info@blueskiestravel.com,
IN-00032,CRM,AL ASEEL DISTINGUISHED FOR TRADING Limited,"UNIT 7, INITIAL BUSINESS CENTER, WILSON BUSINESS PA, MANCHESTER",M40 8WN,UNITED KINGDOM,,
IN-00033,CRM,Bio Sonic Productions,"UNIT 7 THE PARADE, MONARCH WAY, ILFORD",IG2 7HT,,,GB-336-1618-54
IN-00034,CRM,Arcmary LIMITED,"36 robertson way, callander",FK17 8JF,GB,,
IN-00035,ERP_VENDORS,Air Works Aviation Services,,,United Kingdom,,GB 592814366
IN-00036,ERP_VENDORS,ABSCAPCI (UK) Ltd.,"10 colville mews, london W11 2DA",,,,
IN-00037,CRM,16676377 Ltd,"119 Church St, Malvern",WR142AJ,GB,,
IN-00038,CRM,ARDALE INTERNATIONAL,"Suite F & G, Level 3 No 1 Booth Park, Chelford Road, Knutsford",WA16 8GS,,www.ardaleinternational.com,
IN-00039,WEB_FORM,AILGNED (MC) Ltd.,"21 dancer rd, richmond",TW9 4LD,GB,,
IN-00040,CRM,Anderbydriving Centre Limited,"110 CROMWELL ROAD, GRIMSBY",DN31 2DF,,www.anderbydrivingcentre.co.uk,
IN-00041,ERP_VENDORS,Adb And Pirtners Ltd.,"222 Albert Rd, Birmingham",b21 9jt,,,
IN-00042,CRM,ALLANWATER DEVS LIMITED,"24B Kenilworth Road, Bridge Of Allan",,GB,,
IN-00043,CRM,103 Warwickroad Limited,"103 WARWICK ROAD, LONDON",SW5 9EZ,,,
IN-00044,WEB_FORM,Alex Woodwork Limited,"70 Fairfield Road, Evesham",WR11 1HL,GB,www.alexwoodwork.co.uk,
IN-00045,WEB_FORM,Alrai Ltd.,"RANNOCK HOUSE, GEDDINGTON ROAD, CORBY",NN18 8AA,United Kingdom,,
IN-00046,ERP_VENDORS,Acg Nw Limited,146 Lock Ln,M314PW,,,
IN-00047,ERP_VENDORS,BBHAA LTD,"12 WATTSTOWN GREEN, COLERAINE",BT52 1FL,United Kingdom,,
IN-00048,CRM,Billdro Ltd,"26 ALICE GARDENS, ROCHFORD",SS4 1YD,ENGLAND,,
IN-00049,WEB_FORM,Borohayes Amenity Company Limited,"35 Forder Meadow Forder Meadow, Moretonhampstead",TQ13 8JB,GB,,GB050635772
IN-00050,WEB_FORM,A-Level Mathhsmastery,"Unit 8 Harcourt Way, Meridian Bus. Park, Leicester LE19 1WP",,,,
IN-00051,WEB_FORM,ASK LEGALSOLICITOORS LTD,"SUITE 8 SOUTHGATE TWO, 321 WILMSLOW ROAD, CHEADLE",SK8 3PW,United Kingdom,www.asklegalsolicitors.co.uk,
IN-00052,WEB_FORM,Areeb Property Holding Company Ltd.,"Craigmuir Chambers Po Box 71, Road Town, Tortola",VG1110,UK,,
IN-00053,ERP_VENDORS,Asp (Horley) LTD,"Third Floor, 45, London Road, Reigate",,UK,,
IN-00054,CRM,ALDRINGHAMHOUSE Ltd.,"3 aldringham ho aldeburgh rd, leiston",IP164PT,United Kingdom,,
IN-00055,ERP_VENDORS,Aisllingpsychotherapies LIMITED,"20 Cross Green Ln, Leeds LS15 7QX",,UNITED KINGDOM,,
IN-00056,WEB_FORM,5-OAKS TELEVIION Ltd,"Suite 2, Rauter Ho Sybron Way, Jarvis Brook, Crowborough",TN63DZ,,,
IN-00057,CRM,Brazil & Co (Steel) Ltd.,"61 Bridge Street, Kington",HR5 3DJ,,,
IN-00058,WEB_FORM,Bournemouth Christchurch Poole Uk International Education Assembly Ltd,"C/O ANGLO-CONTINENTAL 29-35, WIMBORNE ROAD, BOURNEMOUTH",BH2 6NA,,,
IN-00059,CRM,Brickyard Commercial Limited Company,"Brickyard Industrial Estate Southwood, Evercreech, Shepton Mallet",BA4 6LX,UK,,
IN-00060,ERP_VENDORS,Apex Property Maintance,,,UK,,GB 893136698
IN-00061,CRM,Solutions de Nettoyage Ciel Bleu SARL,"C/O Paul Austen Associates Ltd Riverside, Mountbatten Way, Congleton",,Royaume-Uni,,
IN-00062,CRM,ALPINE CLEANING MANAGEMENT LIMITED,16 High St,nn13 7ds,GB,,
IN-00063,CRM,Belvederevnatage Limited,"Vantage Point House Silverhills Road, Decoy Industrial Estate, Newton Abbot",TQ12 5ND,ENGLAND,,GB840422728
IN-00064,CRM,Abraham Isaac Jacob,,,United Kingdom,,975 1186 18
IN-00065,WEB_FORM,BH COMMUNITYLONDON Ltd,"5 York St, 2Nd Floor, London",w1u 6pd,ENGLAND,,
IN-00066,ERP_VENDORS,B C Location Services Ltd.,"UNIT 42 THE COACH HOUSE ST MARY'S BUSINESS CENTRE, 66-70 BOURNE ROAD, BEXLEY",DA5 1LU,,,
IN-00067,CRM,Ace-Access,"10 Welsh Place, Saltcoats KA21 5TD",,UK,,
IN-00068,WEB_FORM,Alexatrans,,,United Kingdom,,GB 497259801
IN-00069,CRM,ARBOUR STUDIO LIMITED,"167-169 Great Portland St, London",W1W 5PF,United Kingdom,,
IN-00070,WEB_FORM,Back2Back Productions Limited,"Unit 3, Clifton Mews, Clifton Hill, Brighton",BN13HR,,,
IN-00071,WEB_FORM,Better Things London Ltd,"8 Dartmouth Rd, London",se23 3xu,United Kingdom,,
IN-00072,CRM,Logística Atlántico UK S.L.,"73 Hampden Road, Kingston Upon Thames",,Reino Unido,,
IN-00073,CRM,Aviacsolutions Ltd.,"20 Standon Dr, Sheffield",S91PL,ENGLAND,,
IN-00074,WEB_FORM,BULE SQUIRREL DEVELOPMENTS,"43 Crouch Oak Ln, Addlestone",KT152AN,GB,,
IN-00075,CRM,ALIMA TRAVEL LIMITED,"3A WALTER ROAD, SMETHWICK",B67 7NP,GB,,
IN-00076,WEB_FORM,5R SOLNS LTD,"43 Wellington Road, Handsworth, Birmingham",B20 2DU,United Kingdom,,
IN-00077,WEB_FORM,BRANARTRASN LTD,"84 JODRELL STREET, NUNEATON",CV11 5EQ,UK,,
IN-00078,ERP_VENDORS,Archbishop Porter Past Students' Association Midlands,"40 wheatfield rd, luton LU4 0TR",,UK,,
IN-00079,CRM,ASHDALE FENCING LTD,"80 trusley brook, derby",DE65 5LA,ENGLAND,,
IN-00080,CRM,Black Opal Studios,"INDIGO STUDIOS, KETTLEBURGH ROAD, WOODBRIDGE",IP13 9SD,ENGLAND,info@blackopalstudios.co.uk,
IN-00081,WEB_FORM,AUTOMOTIVE ENVIRONMENTAL SERVICES LIMITED,"Leytonstone Ho, London E11 1GA",,,,
IN-00082,CRM,Ad3 Healhcare Ltd.,"29 Riverwell, Northampton",NN35EG,United Kingdom,,
IN-00083,CRM,AG HOLIDAY PARKS LNEDER LIMITED,"THE MAYLANDS BUILDING, 200 MAYLANDS AVENUE, HEMEL HEMPSTEAD",HP2 7TG,United Kingdom,,
IN-00084,WEB_FORM,Bowers Associates,,,United Kingdom,shop.bowersassociates.co.uk,
IN-00085,WEB_FORM,Ad Builders And Developers Limited,"Carlton Ho, Grammar School St, Bradford",BD14NS,UNITED KINGDOM,,
IN-00086,WEB_FORM,24 Eaton Rise Ealing,"24 EATON RISE, LONDON",W5 2ER,,,GB 512748980
IN-00087,CRM,365 Deys Of Limited,"11957899 - COMPANIES HOUSE DEFAULT ADDRESS, CARDIFF",CF14 8LH,GB,,
IN-00088,CRM,Advanced Roofing And Guttering Limited Company,"TRESCO, TRENCH LOCK, TELFORD",TF1 5SU,ENGLAND,,
IN-00089,ERP_VENDORS,10 OAKLEY AVENUE EALING MANAGEMENT COMPANY LIMITED,58 Park Ln,SP1 3NP,GB,,
IN-00090,ERP_VENDORS,1DPRINTING Ltd.,"64 BREWERS LANE, GOSPORT",PO13 0LA,UK,,
IN-00091,WEB_FORM,ALBERT BUTCHER LTD,"199 Albert Rd, Southsea",PO40JP,ENGLAND,,
IN-00092,WEB_FORM,Beat Ccm Nien Limited,"The Hallmark Building, 2Nd Floor, 52-56 Leadenhall Street, London",EC3A 2BJ,UK,,
IN-00093,CRM,Appleby Castle Holiday Cottages,"2 JORDAN STREET, KNOTT MILL, MANCHESTER",M15 4PY,,,641359366
IN-00094,CRM,Bh Holdings (Eng),,,,,767 2025 42
IN-00095,ERP_VENDORS,BANK FARM PROPERTIES & LEISURE LTD,"Bank Farm, Arley DY12 3ND",,UK,,
IN-00096,ERP_VENDORS,Accountax Zone Limited,"20-22 wenlock rd, london",n1 7gu,UK,,
IN-00097,CRM,BOBA TIGERS STRATFORD Limited Company,"5 The Grove, London",,,,
IN-00098,CRM,Babbar Street Ltd,"Tube Service Centre Lowley Rd, Pennygillam Ind. Est. PL15 7PY",,United Kingdom,,
IN-00099,ERP_VENDORS,BLACK MILL BREWERY LTD,"2 The Beeches, Beverley HU17 9RL",,UK,,
IN-00100,WEB_FORM,4 Leaf Property Ltd,granary cottage,IP25 7BP,United Kingdom,,
IN-00101,CRM,ANSSI JAAKKOLA COACHING Limited Company,"ROOM 5, 160 BOURNEMOUTH PARK ROAD, SOUTHEND ON SEA",SS2 5LT,UNITED KINGDOM,,
IN-00102,WEB_FORM,Bfm Fashionsenterprise Limited Company,"22 Campbell Terrace, Stoke-On-Trent",ST1 6LS,UK,,
IN-00103,WEB_FORM,Ayura Auto Cars LTD,"500B GREAT WEST ROAD, HOUNSLOW",TW5 0TE,,,
IN-00104,CRM,BOURNESIDE GROUP LIMITED,22 Huntingfield Way TW20 8DT,,GB,,
IN-00105,CRM,Biliv Care Limited,"8 grimshaw rd, birmingham B27 7SN",,GB,,
IN-00106,WEB_FORM,Bonaventure Road Management Company Ltd,"180 Bridge Rd, Southampton",so31 7eh,UK,,
IN-00107,ERP_VENDORS,7 Ways Creative,"6-7 CASTLE GATE, CASTLE STREET, HERTFORD",SG14 1HD,United Kingdom,,GB 076006967
IN-00108,WEB_FORM,AL HAMSAN LIMITED,"AL HAMSAN LTD, 61 BRIDGE STREET, KINGTON",HR5 3DJ,UK,,
IN-00109,CRM,Viajes Bahía Azul S.L.,"Unit A4 Bellringer Road, Trentham, Stoke-On-Trent",ST4 8GB,Reino Unido,,
IN-00110,CRM,Bluways Hybrids Limited,"westwood ho annie med ln, south cave",HU152HG,United Kingdom,www.bluwayshybrids.com,GB345929566
IN-00111,ERP_VENDORS,Berk Bouwers B.V.,"Ebenezer Chapel Watleys End Road, Winterbourne, Bristol",BS36 1QQ,Verenigd Koninkrijk,,
IN-00112,WEB_FORM,Bob Shop B6 Sparkbroko Ltd,"348 LADYPOOL ROAD,, BIRMINGHAM",B12 8JY,United Kingdom,,GB622724778
IN-00113,ERP_VENDORS,Ak Prestige Autos,"Churchill House 137-139 Brent Street, Hendon, London",NW4 4DJ,GB,,743209374
IN-00114,ERP_VENDORS,BELVEDERE SITH PROPERTIES (KEY SITE) L.L.P.,61 London Rd,RH12 1AN,GB,,
IN-00115,WEB_FORM,3Men Ltd,"181-183 Ormskirk Road, Rainford, St. Helens",WA11 8HR,UK,,
IN-00116,ERP_VENDORS,Brittautomotors Limited,"1640 London Rd, Glasgow",G314QG,UK,,
IN-00117,CRM,Aradiuscollections Limited,"3 Harbour Drive, Capital Waterside, Cardiff",CF10 4WZ,UK,,
IN-00118,WEB_FORM,Browwnandco LIMITED,"21 strand rd, londonderry BT48 7BJ",,GB,,
IN-00119,WEB_FORM,ANGELTAVERN,"61-63 Stanley Rd, Bootle L20 7BZ",,UK,,
IN-00120,ERP_VENDORS,APPPS COTTAGES LTD,"DOWER HOUSE, GREAT NESS, SHREWSBURY",SY4 2LE,GB,,
IN-00121,WEB_FORM,BERES ART Ltd,"12 DITTON COURT CLOSE, DITTON, AYLESFORD",ME20 6PQ,UK,,
IN-00122,WEB_FORM,Areeb Property Holding Company,"Craigmuir Chambers Po Box 71, Road Town, Tortola",VG1110,GB,,
IN-00123,CRM,3DL SILNS LIMITED,"30 Glenburnie Rd, London",sw17 7py,ENGLAND,,
IN-00124,CRM,Apex Bespoke Finishings Ltd,"76 Station Rd, West Hallam, Ilkeston",DE76GW,GB,,
IN-00125,ERP_VENDORS,BANDWAGON HOLDINGS Ltd.,"SUMMIT HOUSE, 170 FINCHLEY ROAD, LONDON",NW3 6BP,GB,www.bandwagonholdings.co.uk,
IN-00126,WEB_FORM,Ash Curporate Finance (Canterbury) Ltd,"1 Quay Point, Station Road, Woodbridge",IP12 4AL,UK,,
IN-00127,WEB_FORM,Action Joinery Limited,"5 elizabeth cl, grimsby, n e lincolnshire",dn33 3hs,United Kingdom,,
IN-00128,WEB_FORM,Bossseyai Ltd,"3Rd Floor, 86-90, Paul Street, London",EC2A 4NE,UK,,
IN-00129,CRM,Aldiss & Associates LTD,"MONKTON BARN, MONKTON LANE, MARLOW",,ENGLAND,,
IN-00130,CRM,Affluence'S Londun Ltd,"46 CAMDEN ROAD, LONDON",NW1 9DR,ENGLAND,,
IN-00131,ERP_VENDORS,BNIRHOLDINGS LIMITED,"19-20 BOURNE COURT, SOUTHEND ROAD, 19-20 BOURNE COURT",IG8 8HD,United Kingdom,,
IN-00132,CRM,Bkg Homs Ltd.,"56 shaftesbury ave, harrow",HA30QY,,,
IN-00133,WEB_FORM,34/35 Ennismore Gardens (Freehold),"2 TOWER HOUSE, HODDESDON",EN11 8UR,GB,,
IN-00134,CRM,136 George Street,,,UK,,gb 153631357
IN-00135,WEB_FORM,Atelier Beaute,"1-4 CLYDE PLACE, GLASGOW",G5 8DP,GB,http://atelierbeaute.com/contact-us,
IN-00136,WEB_FORM,Apex Bespoke Fitouts,"Fulford House, Newbold Terrace, Leamington Spa",CV32 4EA,GB,,426 9819 29
IN-00137,WEB_FORM,Beegod Limited Company,"1st floor, 14-15, london",W1T3LJ,,,
IN-00138,WEB_FORM,ASTORIA COURT CONSULTING LTD,167-169 great portland st,w1w 5pf,United Kingdom,,
IN-00139,ERP_VENDORS,As Frieservices Ltd,"8 8 Cae’R Delyn, Oakdale, Blackwood",NP12 0NW,GB,,
IN-00140,ERP_VENDORS,Bioecoss,"1 GRANARY STEPS, BRIDGNORTH",WV16 4BL,GB,,
IN-00141,WEB_FORM,A1 Marketplace,,,ENGLAND,,GB 290580920
IN-00142,WEB_FORM,A-LEVEL MATHSMASETRY Limited,"Unit 8 Harcourt Way, Leicester",LE19 1WP,GB,,
IN-00143,ERP_VENDORS,Being Framed Limited,2 Stratford Cl,SL22PS,GB,,
IN-00144,CRM,BLOMFIELD HOLDINGS LTD,"flat 3, 141 sutherland ave",W9 1ES,UK,,
IN-00145,ERP_VENDORS,Brons Classics Llp,"2 MICHAELS COURT HANNEY ROAD, SOUTHMOOR, ABINGDON",OX13 5HR,United Kingdom,,
IN-00146,WEB_FORM,A Joyful Verse,"111 Issigonis House, Cowley Road, London",W3 7UJ,United Kingdom,,
IN-00147,WEB_FORM,Access To Medicine,,,United Kingdom,info@accesstomedicine.co.uk,
IN-00148,WEB_FORM,Bromptoncoutr (Bournemouth) Limited,"Kings House, Greystoke Business Centre, High Street Portishead",BS20 6PY,,,
IN-00149,CRM,B-Tech Air Conditioning,"17 EAMES CLOSE, AYLESBURY",HP20 2BN,UNITED KINGDOM,btechairconditioning.co.uk,
IN-00150,CRM,BIONICPRODUCTIONS LIMITED,"22 WYCOMBE END, BEACONSFIELD",HP9 1NB,UK,,
IN-00151,ERP_VENDORS,Abendana’S Ltd,"5 Deerswood Ct, Crawley RH11 0HD",,United Kingdom,,
IN-00152,ERP_VENDORS,4 POLWOTRHROAD Limited Company,"4 polworth rd, london",SW16 2EU,GB,,
IN-00153,CRM,Big Gold Jewellery,,,,,gb 802631560
IN-00154,CRM,Brownows (Bristol) Limited,"COURT LODGE CHURCH LANE, STANTON DREW, BRISTOL",BS39 4EP,UK,,
IN-00155,WEB_FORM,ARNICA LTD,"34 South Approach, Moor Park",HA62ET,GB,,
IN-00156,ERP_VENDORS,ATUOREG Ltd.,6-8 Freeman St,DN327AA,,,
IN-00157,ERP_VENDORS,Anytimeliving Limited,"4 CAPRICORN CENTRE, CRANES FARM ROAD, BASILDON, ESSEX",SS14 3JJ,UNITED KINGDOM,,
IN-00158,ERP_VENDORS,ACE SECURIY,"12a uxbridge rd, ealing common W5 3LD",,UNITED KINGDOM,,
IN-00159,WEB_FORM,Formación Dental Avanzada S.L.,"95 West Way, Oxford",OX2 9JY,Reino Unido,,
IN-00160,WEB_FORM,BLACK TIE BARTENDERS Limited,"9 Llanon Road, Llanishen, Cardiff",CF14 5AF,UNITED KINGDOM,,
IN-00161,WEB_FORM,BAY VEWBLINDS LTD,"38 MAYFIELD AVENUE, LANCASTER",LA1 2PF,United Kingdom,,
IN-00162,ERP_VENDORS,Ajk Pm LIMITED,"C/O Sandison Easson & Co Rex Buildings, Wilmslow SK9 1HY",,UNITED KINGDOM,,
IN-00163,ERP_VENDORS,BEGM OUIDAH LTD,"101 Wyrley Rd, Witton, Birmingham B6 7BT",,United Kingdom,,
IN-00164,ERP_VENDORS,ALEXANDER-WALLACE HEALTH CARE LTD,"107-109 high st, margate",CT9 1JT,United Kingdom,,
IN-00165,CRM,AM GRAPHICDESGIN LTD,"72 Bicester Road, Kidlington",OX5 2LF,United Kingdom,,
IN-00166,ERP_VENDORS,Atlantic Tax Advisory,"30-34 North Street, Hailsham",BN27 1DW,,,825627692
IN-00167,ERP_VENDORS,APPLEARN Ltd.,"80, Mezzanine Floor Cannon Street, Cannon Street, London",EC4N 6HL,UK,,
IN-00168,WEB_FORM,Addington Palace Events,"Suite 2A, 95, Wilton Road, London",SW1V 1BZ,UK,https://addingtonpalaceevents.co.uk/about,
IN-00169,CRM,Acgasholiday Lettings Ltd,"4 Church Street, Swinton, Mexborough",S64 8QA,UK,,
IN-00170,WEB_FORM,Arkileb Ltd,"OXFORD PLACE, 61 OXFORD STREET, MANCHESTER",M1 6EQ,UK,,
IN-00171,WEB_FORM,Brownloows (Bristol) Limited,"Court Lodge Church Lane, Stanton Drew, Bristol",BS39 4EP,GB,,
IN-00172,ERP_VENDORS,Akio Inc Limited,"11 THE RETREAT, CHEAM COMMON ROAD, WORCESTER PARK",KT4 8SU,UK,,
IN-00173,ERP_VENDORS,Bardom Ltd,"Woodgate Studios 2-8, Barnet",EN49HN,,,
IN-00174,CRM,Ambassador Properties,"UNIT 7, 97-101 PEREGRINE ROAD, HAINAULT",IG6 3XH,ENGLAND,,gb 622429723
IN-00175,WEB_FORM,BLANDMERE Ltd.,"3 Mellor Road, Cheadle Hulme, Stockport",SK8 5AT,United Kingdom,,
IN-00176,CRM,Bset Western Enterprises Limited,"Suite B Blackdown House, Blackbrook Park Avenue, Taunton",TA1 2PX,United Kingdom,,
IN-00177,CRM,ABBOT'S HILL SCHOOL Ltd,"ABBOT'S HILL SCHOOL, BUNKERS LANE, HEMEL HEMPSTEAD",HP3 8RP,,,
IN-00178,ERP_VENDORS,Soluciones de Seguridad Oso Pardo S.L.,"11 Maple Leaf Drive, Lenham, Maidstone",ME17 2GN,Reino Unido,,
IN-00179,ERP_VENDORS,AK UK RECORRDS LTD,"6 Ronver Lodge, Newgate Street, London",E4 6JF,GB,,
IN-00180,CRM,AQUARIUS MANAGEMENT SOLUTIONS LIMITED,"nyali london rd, west malling",ME19 5AL,United Kingdom,,
IN-00181,ERP_VENDORS,Bolt Invest Limited,"Suite A, 82 James Carter Road, Mildenhall",IP28 7DE,,,
IN-00182,ERP_VENDORS,AS&H (COFORM) 129 LTD,"81 town end, huddersfield",HD588NW,,,
IN-00183,WEB_FORM,Almirantebown Limited,"FLAT 2, 5 MAPLES PLACE, LONDON",E1 2EE,,,
IN-00184,WEB_FORM,Brightmarch Property Mgmt Limited,"7 Bakers Close, Lingfield, Surrey",RH7 6HF,GB,,
IN-00185,WEB_FORM,ANGLO CAM LIMITED,13 arkley rd E17 7PD,,UK,,
IN-00186,WEB_FORM,Aa Modlands Svcs Ltd.,"6 marvyn cl, nottingham NG6 9FJ",,GB,,
IN-00187,WEB_FORM,9 West Park Mgmt Limited,"5 GROVE ROAD, REDLAND, BRISTOL",BS6 6UJ,,,
IN-00188,WEB_FORM,ACTIVE - PASSIVVE FIREPROTECTION LIMITED,"130 COPPICE ROAD, HIGHFIELDS, DONCASTER",DN6 7JB,UK,,GB332540642
IN-00189,CRM,ANNANDALE SLP Ltd,"DENTONS UK AND MIDDLE EAST LLP, FIRST FLOOR, EDINBURGH",EH3 8RY,GB,,
IN-00190,ERP_VENDORS,Ark Data Centres,,,,,703 6699 24
IN-00191,CRM,AUGMENTED MANAGEMENT SOLUTIONS LIMITED,"21 the woodlands, rotherham",s63 8fr,United Kingdom,,
IN-00192,CRM,1Dprinting Ltd,"64 brewers ln, gosport",PO130LA,UK,,
IN-00193,WEB_FORM,Babelon (Hull),,,,,GB 061812958
IN-00194,CRM,Appleby Castle Holiday Cottages Limited,"2 Jordan St, Manchester",M154PY,UK,,
IN-00195,ERP_VENDORS,365 Days Of Limited Company,"11957899 - Companies House Default Address, Cardiff",,United Kingdom,,
IN-00196,ERP_VENDORS,ANDERBY DRIVING CENTRE LIMITED,"110 Cromwell Rd, Grimsby",dn31 2df,United Kingdom,www.anderbydrivingcentre.co.uk,GB879014343
IN-00197,ERP_VENDORS,Ashco International Limited,"Bury Lodge, Stowmarket IP14 1JA",,,,
IN-00198,WEB_FORM,BROOKERDEVS Ltd,Unit 5 Warren Park Way LE19 4SA,,,,
IN-00199,WEB_FORM,BFORTE LIMITED,"7 bournemouth rd, eastleigh",so53 3da,United Kingdom,,
IN-00200,ERP_VENDORS,AD3 HEALTHCARE LTD,"29 riverwell, northampton NN3 5EG",,United Kingdom,,
IN-00201,WEB_FORM,ARROW FREIGHT Ltd.,"1 Holywell Avenue, Castleford",WF10 3FD,United Kingdom,,
IN-00202,CRM,Al Radwah Ltd,"629 ROMFORD ROAD, LONDON",E12 5AD,GB,,
IN-00203,ERP_VENDORS,Bk Plant Hire Limited Company,"2A Connaught Avenue, London",E4 7AA,UK,www.bkplanthire.co.uk,
IN-00204,ERP_VENDORS,Assessment Solutions Risk Limited Company,"20 JUBILEE WAY, STORRINGTON, PULBOROUGH",RH20 3NZ,,,
IN-00205,WEB_FORM,Atridiuscollections Limited,"3 Harbour Drive, Capital Waterside, Cardiff",CF10 4WZ,,,
IN-00206,WEB_FORM,Actis India 3 Lp,,,UK,shop.actisindia3.co.uk,
IN-00207,CRM,ARMIN DEEG,"Initial Business Centre Wilson Business Park, Office 620, Manchester",M40 8WN,,,
IN-00208,WEB_FORM,AYRRON,"20 Wenlock Rd, London",N17GU,United Kingdom,,
IN-00209,ERP_VENDORS,Balzar London Limited,"5 Pickle Mews, London",SW90FJ,UK,,
IN-00210,ERP_VENDORS,Bonner Studs LTD,"UNIT1, PHOENIX BUSINESS PARK, 61, MARLOW STREET, WALSALL",WS2 8AQ,United Kingdom,,
IN-00211,ERP_VENDORS,Ark Data Centres,,,GB,,703669924
IN-00212,ERP_VENDORS,ARA NEOOS LTD,"30 LONDON ROAD, SAWBRIDGEWORTH",CM21 9JS,ENGLAND,,
IN-00213,ERP_VENDORS,Ask No.2 Ltd,"32 hermitage way, lytham st. annes",FY84FX,UK,,
IN-00214,WEB_FORM,Arboretum Insight Limited,"Flat A, 47 Elgin Crescent, London",W112JU,ENGLAND,,
IN-00215,ERP_VENDORS,Aoc Studios LTD,"90 Christchurch Road, Christchurch Road, London",SW14 7AX,United Kingdom,,
IN-00216,WEB_FORM,Aspire Strategies Limited,"5 Underwood St, London",N17LY,,,
IN-00217,WEB_FORM,AL-WATANIYA ENGINEERING CONSULTANCY Ltd.,"275 NEW N RD #3110 LONDON, LONDON",N1 7AA,United Kingdom,,
IN-00218,WEB_FORM,BELMONT HEIGHTS (NO.2) RESIDENTSCOMAPNY LTD,"stonemead ho, croydon",cr0 2rf,UK,,
IN-00219,ERP_VENDORS,AMAGIERA Limited,"84 COUNTESS WAY, BROUGHTON, MILTON KEYNES",MK10 7DX,GB,,GB944886195
IN-00220,WEB_FORM,Bellasun Company Pc,"14-16 Churchill Way, Cardiff",CF10 2DX,United Kingdom,,
IN-00221,WEB_FORM,Azte Ltd,"68 beavers ln, hounslow",TW4 6EL,,,
IN-00222,WEB_FORM,"Bibury Natural Food U.K. Co.,",,,United Kingdom,,336181490
IN-00223,WEB_FORM,Allan Fisheries,"165 Brook Street, Broughty Ferry, Dundee",DD5 1DJ,,http://allanfisheries.com/contact-us,
IN-00224,WEB_FORM,545 Chiswick High Road,,,,,gb 280771341
IN-00225,CRM,Al-Wataniya Engineeringconsulancy Limited,"275 New N Rd #3110 London, London N1 7AA",,UNITED KINGDOM,,
IN-00226,ERP_VENDORS,Alexwoodwork Ltd,"70 FAIRFIELD ROAD, EVESHAM",WR11 1HL,UK,www.alexwoodwork.co.uk,
IN-00227,CRM,ABCOELECTRICAL DISTRIBUTORS Ltd,"19 West Way, Broadstone",bh18 9lw,United Kingdom,,
IN-00228,CRM,11 STANHOPE PLACE LIMITED,"One, Harlow",CM20 2FB,,,
IN-00229,CRM,Ameliahunnt LIMITED,"Newton Heath Liberty Rd, Newtown, Fareham PO17 6LD",,UK,,
IN-00230,WEB_FORM,Ayrton Electrical LIMITED,"406-408 MERTON ROAD, LONDON",,GB,,
IN-00231,ERP_VENDORS,Amberchase,,,United Kingdom,amberchase.co.uk,
IN-00232,WEB_FORM,Beauties Aesthetics,"138 Cairns Road, Sheffield",,UK,,GB 661373018
IN-00233,ERP_VENDORS,BENIRHOLDINGS LTD,"19-20 Bourne Ct, 19-20 Bourne Ct",IG8 8HD,UK,,
IN-00234,CRM,BRACKENS RESIDENTS MANAGEMENT (FRIMLEY) Ltd.,"C/O Fairoak Estate Management Limited Building 3 Chiswick Park, 566 Chiswick High Road, London",,UK,www.brackensresidentsmanagementfrimley.com,
IN-00235,CRM,A & G Developments (Yorkshire),"The Cottage, Low Gatherley Moulton, Richmond",DL10 6QH,,aandgdevelopmentsyorkshire.co.uk,
IN-00236,ERP_VENDORS,AYMESPROJECCTS LIMITED,"29-31 High Street, Fordingbridge",SP6 1AS,GB,www.aymesprojects.uk,
IN-00237,CRM,51 Shukespeare Rd Freeholdcompany Ltd,"FLAT 1, 51, SHAKESPEARE ROAD, LONDON",SE24 0LA,GB,,
IN-00238,WEB_FORM,AGU SHOCK Ltd.,"1A Dronfield Street, Leicester",LE5 5AU,UK,,
IN-00239,CRM,ASSOCIATED SUB-CONTRACTORS IN LIMITED PARTNERSHIP WITH ANTHONY JACOBS Ltd,"Suite 3, The Delphi Building, Moorgate Road Knowsely",L33 7XL,UK,,
IN-00240,WEB_FORM,Bhe (St James) Limited,"3 BARRINGTON ROAD, ALTRINCHAM",WA14 1GY,,,
IN-00241,CRM,3DL SOLUTIONS LIMITED,"30 Glenburnie Road, London",,UK,,
IN-00242,CRM,ABBILITYTRAINING AWARDS Limited,"Unit 21, Grantham NG31 7FZ",,UNITED KINGDOM,,
IN-00243,ERP_VENDORS,522 PIZZO Ltd.,"522 Christchurch Rd, Bournemouth",BH14BE,UK,,
IN-00244,CRM,Babbar Street,,,,https://babbarstreet.com/about,
IN-00245,CRM,Ab Solutionselectrical Limited,"1A Garston Drive, Watford",WD25 9LB,ENGLAND,,
IN-00246,ERP_VENDORS,Ag Construction Projects,,,UNITED KINGDOM,,GB 592847639
IN-00247,WEB_FORM,Below Zeroconnecttions Limited,"2 Sandys Close, Rushwick, Worcester",WR2 5UJ,United Kingdom,,
IN-00248,CRM,Ajr Vision,,,United Kingdom,shop.ajrvision.com,
IN-00249,CRM,BG FLAORING LIMITED,"22 Balls Green, Withyham",TN7 4BU,GB,,
IN-00250,WEB_FORM,Advice Point Group,,,,advicepointgroup.co.uk,
IN-00251,WEB_FORM,Adams Streetpartners Uk Llp,"1 Great Cumberland Place, 7Th Floor, London",W1H 7AL,UK,,
IN-00252,CRM,5Oho,,,UK,,885 8860 82
IN-00253,ERP_VENDORS,AVVENUEBUILDING COMPANY LIMITED,"SOMERSET HOUSE, 47-49 LONDON ROAD, REDHILL",RH1 1LU,UK,,
IN-00254,CRM,Asb Group Holdings,"97 CARLTON AVENUE EAST, WEMBLEY",HA9 8LZ,UNITED KINGDOM,shop.asbgroupholdings.co.uk,
IN-00255,ERP_VENDORS,11 Downs Road Freehold LIMITED,"16 PARK STREET, LUTON",LU1 3EP,United Kingdom,,
IN-00256,CRM,Asc Rentalprops Ltd,"1 Alderfield Close, Boston",PE21 7FG,GB,,
IN-00257,CRM,Afg Law Consultng Ltd,"273 Old Kent Road, Basement, London",SE1 5LU,GB,,
IN-00258,WEB_FORM,105 Hsw,"105A High Street, Whitton, Twickenham",TW2 7LD,GB,,780 2693 26
IN-00259,ERP_VENDORS,Ag Cars,"TYRES PLUS, GILNOW LANE, BOLTON",BL3 5EL,UK,,GB 500 1211 28
IN-00260,WEB_FORM,Aum Huosing Ltd,"41 Tanhouse Farm Road, Solihull",B92 9HA,United Kingdom,,
IN-00261,ERP_VENDORS,BLACKHAWK SECURITY SERVICES,"61 stratford rd, luton",LU48NG,,,
IN-00262,CRM,33 HORNSEYRISE FREEHODL LTD,"33 Hornsey Rise Gardens, London N19 3PP",,UK,,
IN-00263,WEB_FORM,AB TEKNIK,"Flat G01 Waterdale Manor House, 20 Harewood Avenue, London",NW1 6JX,GB,,
IN-00264,WEB_FORM,Helle Reinigungsdienste GmbH,"17 Normancroft Court, Sheffield",,Vereinigtes Königreich,,
IN-00265,CRM,BAJWA BROTHERSTRANS LIMITED,"27 Oulton Dr, Wolverhampton",wv10 6fh,,,
IN-00266,ERP_VENDORS,AWS NEXTGEN IT LIMITED,"8 alder mews, batley",WF17 7JD,ENGLAND,,
IN-00267,ERP_VENDORS,Benediicte Pr Limited,"71-75 Shelton Street, Covent Garden, London",WC2H 9JQ,,,
IN-00268,CRM,Big Tree Houe Ltd,"Basement, 37 Powis Square, London",W11 2AY,United Kingdom,,
IN-00269,WEB_FORM,Adpn Limited,"264 - 266 fleet rd, fleet",GU51 4BU,,,
IN-00270,ERP_VENDORS,Beswick Building,,,,info@beswickbuilding.co.uk,
IN-00271,WEB_FORM,Bluemoonbedding Ltd,"Unit 1, 29 Cheetwood Road, Manchester",M8 8AQ,UK,,
IN-00272,ERP_VENDORS,BAILUE GROUP PROPERTY LIMITED,"The Baird Group Ltd, Caulside Drive, Antrim",BT41 2RS,,www.bailiegroupproperty.co.uk,
IN-00273,CRM,BIG BEN PROEPRTY MGMT LTD,"102 Druid Stoke Ave, Bristol",BS9 1DQ,ENGLAND,,
IN-00274,CRM,Agbabiaka Entertiinmentpromotions Uk Ltd,"143 COBDEN STREET, MANCHESTER",M9 4EB,GB,,GB975103761
IN-00275,ERP_VENDORS,A R EVANS PLUMBING AND HEEATING,"3 burlington parade, portslade, brighton",BN41 2DJ,United Kingdom,,
IN-00276,WEB_FORM,AAMIL LTD,"10 Leicester Way, Eaglescliffe, Stockton-On-Tees",TS16 0LP,United Kingdom,,
IN-00277,WEB_FORM,Ares Plates Ltd,"4 Summer St, Slip End, Luton",LU1 4BN,,www.aresplates.co.uk,
IN-00278,CRM,ALPHA LEADS OPERATIONS LTD,"35 FIELD DRIVE, BARNSLEY",S72 8RH,United Kingdom,,
IN-00279,ERP_VENDORS,BLUU STONE 24 LTD,"1 DUKES PASSAGE, BRIGHTON",BN1 1BS,UK,,
IN-00280,CRM,ALEXANRACORPORATION L.P. Ltd,39/5 Granton Crescent EH5 1BN,,GB,,
IN-00281,ERP_VENDORS,Bb Nails,,,UNITED KINGDOM,bbnails.co.uk,
IN-00282,CRM,Bg Fluoring Limited,"22 Balls Green, Withyham",TN7 4BU,United Kingdom,,
IN-00283,WEB_FORM,Arden Services (Dorridge) Ltd.,"Suite 16 Zenith House Suite 16, Zenith House,, Highlands Road,, Shirley, Solihull,",B90 4PD,GB,,
IN-00284,ERP_VENDORS,Bright Path Ishayas C.I.C,"TEMPLE LODGE, 3 CRAVENGATE, RICHMOND",DL10 4ED,UK,https://www.brightpathishayas.co.uk/,
IN-00285,ERP_VENDORS,A W & SON BUILDINGSERVICES LTD,"70 Carol Avenue, Bromsgrove",B61 8RW,,,
IN-00286,ERP_VENDORS,Ampire Properties Ltd,"651A Mauldeth Rd West, Chorlton, Manchester",M21 7SA,,,
IN-00287,WEB_FORM,Bolands Development Limited,"7 Moss Road, Ullapool",IV26 2TF,United Kingdom,,
IN-00288,WEB_FORM,AEGRATUM LP,"39/5 GRANTON CRESCENT, EDINBURGH",EH5 1BN,United Kingdom,,GB681704233
IN-00289,CRM,Blueboat Support & Training Services Cic,"3 wheatley cl, ilkley",LS29 8BF,UK,,
IN-00290,ERP_VENDORS,Aquarius Management,"Nyali London Road, Addington, West Malling",,UK,,gb 663609008
IN-00291,ERP_VENDORS,Ats Security Services,"181 Becontree Avenue, Dagenham",RM8 2UR,United Kingdom,www.atssecurityservices.com,
IN-00292,ERP_VENDORS,BKG HOMES,"56 SHAFTESBURY AVENUE, KENTON, HARROW",HA3 0QY,GB,,
IN-00293,CRM,AQUA KARMA PROPERTIES Limited Company,"9 Taunton Avenue, Hounslow",TW3 4AG,UNITED KINGDOM,,
IN-00294,ERP_VENDORS,105 HSW LTD,"105a high st, whitton, twickenham TW2 7LD",,UK,,
IN-00295,WEB_FORM,BROWNINSFOOD LIMITED,"25 Richmond Road, Smethwick",B66 4ED,United Kingdom,,
IN-00296,ERP_VENDORS,Ben Sca Wind Farm Limited,"1St Floor,, 50 Lothian Rd, Edinburgh",EH39BY,United Kingdom,,
IN-00297,WEB_FORM,Astonsecurity Ltd,"HARBEN HOUSE, TICKFORD STREET, NEWPORT PAGNELL",MK16 9EY,United Kingdom,,
IN-00298,WEB_FORM,Alpine Reinigungsmanagement GmbH,"16 High Street, Brackley",NN13 7DS,Vereinigtes Königreich,,
IN-00299,WEB_FORM,Ayta Halalmeat,"Challenge Ho, Slz 1, Croydon",CR03AA,UK,,
IN-00300,ERP_VENDORS,23 CITYRIAD Limited Company,"unit 19 mitchell point ensign way, hamble, southampton SO31 4RF",,UK,,
IN-00301,ERP_VENDORS,Brazen Esports Limited,"123 2nd floor, 123 promenade, cheltenham",GL501NW,United Kingdom,,
IN-00302,ERP_VENDORS,Big Jim'S Trim'S,"9 Station Parade, Uxbridge Road, London",W5 3LD,UK,https://bigjimstrims.com/about,
IN-00303,ERP_VENDORS,Avoncliffe Properties,"36 Oakwood Hill, Industrial Estate, Loughton",IG10 3TZ,,,
IN-00304,CRM,Ambassador Holidays Limited,"Hallswelle House, 1 Hallswelle Road, London",NW11 0DH,,,
IN-00305,ERP_VENDORS,Belfast Intercultural Romanian Community,"6 BURTON DRIVE, DUNDONALD, BELFAST",BT16 2LR,NORTHERN IRELAND,,
IN-00306,WEB_FORM,ANGELO PROPERTIES Limited,"171 Ballards Lane, Finchley, London",N3 1LP,United Kingdom,,
IN-00307,ERP_VENDORS,ARTHA PROPERTY HOLDINGS LTD,"Hawthorne Ho, Leicester LE5 6DL",,GB,,
IN-00308,ERP_VENDORS,Ad Shorrock,"NEW HOUSE FARM, FORD LANE GOOSNARGH, PRESTON",PR3 2FJ,UK,,
IN-00309,WEB_FORM,BROOKGATE MANAGEMENT COMPANY LIMITED,"Network Ho, Maldon",CM9 4LQ,ENGLAND,,
IN-00310,ERP_VENDORS,Bedford Streetmotors Limited,"16 LAMBOURNE CRESCENT, CARDIFF BUSINESS PARK,, LLANISHEN, CARDIFF",CF14 5GF,WALES,,
IN-00311,CRM,ALPHASSIWM SCHOOL,"Chester Ho Lloyd Dr, Cheshire Oaks Bus. Park, Ellesmere Port",ch65 9hq,UNITED KINGDOM,,
IN-00312,ERP_VENDORS,360 Design Studio,"3 WILLOWBANK ROAD, KNOWLE, SOLIHULL",B93 9QH,GB,,537 4145 15
IN-00313,CRM,Avm Property Ltd,"c/o lonsdale & marsh 509 - 510 cotton exchange, liverpool",L39LQ,,,
IN-00314,ERP_VENDORS,BLUE VAPES ANGLES,"134 Whitham Road, Sheffield",S10 2SR,ENGLAND,,
IN-00315,ERP_VENDORS,Adworise Ltd,"124 City Road, London, 124 City Road, London",EC1V 2NX,GB,,
IN-00316,ERP_VENDORS,ACH79 LIMITED,"Hare House, 732 Whittingham Lane, Preston",PR3 2JJ,UNITED KINGDOM,,
IN-00317,WEB_FORM,ANCLAJE NOMDAA STUDIO,"71-75 shelton st, covent garden WC2H 9JQ",,GB,,
IN-00318,WEB_FORM,Beston Servico Limited Company,"167-169 GREAT PORTLAND STREET, 5TH FLOOR, LONDON",W1W 5PF,GB,,
IN-00319,WEB_FORM,Blayds Mews Properties,,,ENGLAND,https://www.blaydsmewsproperties.com/,
IN-00320,WEB_FORM,Belinda Maryhale Fine Jewellery Limited,"32 Flat 6, London",W24DT,UNITED KINGDOM,,
IN-00321,ERP_VENDORS,BRIGTH PATHISHAYAS C.I.C Ltd,"Temple Lodge, Richmond",dl10 4ed,United Kingdom,,
IN-00322,CRM,Avior One,"Warwick House Park Corner Road, Southfleet, Gravesend",DA13 9LN,UK,,720 7434 47
IN-00323,ERP_VENDORS,A C Hampton Court Services Limited,"4 Alsom Ave, Worcester Park",kt4 7eg,GB,,
IN-00324,CRM,Amber Vallei Dakwerken B.V.,"24A Wingfield Road, Alfreton",DE55 7AN,Verenigd Koninkrijk,,
IN-00325,WEB_FORM,AE43 Ltd.,"253 Alcester Road South, Birmingham",B14 6DT,UK,,
IN-00326,CRM,Aegean Ventures Global LIMITED,"128 CITY ROAD, LONDON",EC1V 2NX,UNITED KINGDOM,,
IN-00327,ERP_VENDORS,ABISO LTD,"31 RIVER ROAD, BARKING",IG11 0DA,ENGLAND,,
IN-00328,CRM,BELL PLUMBING & HEATING (DONCASTER) LIMITED,"Unit D1B, Harworth Ind. Est. Bryans Cl, Harworth",DN118RY,UK,,
IN-00329,WEB_FORM,BEYOND TNC (UK) LIMITED,"2-4 Packhorse Rd, Gerrards Cross",SL97QE,UNITED KINGDOM,,
IN-00330,ERP_VENDORS,Bobix,"Ocean Air House, Suite 200, Floor 1, 750-760 High Road Leytonstone, London",E11 3AW,UK,,
IN-00331,WEB_FORM,Aqua Karma Properties Ltd.,"9 TAUNTON AVENUE, HOUNSLOW",TW3 4AG,,www.aquakarmaproperties.co.uk,
IN-00332,ERP_VENDORS,Brisk Marketing Group Limited,"167-169 Great Portland Street, London",,,,
IN-00333,WEB_FORM,Gruppo Caffè Ash S.r.l.,"Portland House, Belmont Business Park, Durham",DH1 1TW,Regno Unito,,
IN-00334,CRM,Blayds Meews Props LTD,"34 Wellington St, Leeds",LS12DE,,,
IN-00335,WEB_FORM,BOULTONWAREHUOSE Ltd.,"90 St. David Rd, Wirral",CH62 0BT,,,
IN-00336,CRM,ARETE EXECUTIVE COACHING LTD,"9 Union Mews, London SW4 6AS",,UK,,
IN-00337,CRM,9 WESTPARK MANAGGEMENT LIMITED,"5 GROVE ROAD, REDLAND, BRISTOL",,UK,,
IN-00338,WEB_FORM,Beech Hurst Prk (Chislehurst) Mgmt Company Limited,"10A High Street, Chislehurst",BR7 5AN,,,
IN-00339,WEB_FORM,Alexandordavid Limited,"Sadler Bridge Studios, Bold Lane, Derby",,ENGLAND,,
IN-00340,ERP_VENDORS,Almond Solutions Limited,"71-75 Shelton St, London WC2H 9JQ",,UK,,
IN-00341,ERP_VENDORS,Aplomado Holdco,,,GB,shop.aplomadoholdco.co.uk,
IN-00342,WEB_FORM,AIR SAFETYSUPPORT INTERNATIONAL Ltd,"Aviation Ho, Beehive Ring Rd, Crawley",RH6 0YR,United Kingdom,,
IN-00343,CRM,Agu Shock Ltd,"1A Dronfield St, Leicester LE5 5AU",,UK,,
IN-00344,WEB_FORM,AM GRAPHICDESIGN LIMITED,"72 Bicester Rd, Kidlington",OX5 2LF,United Kingdom,,
IN-00345,WEB_FORM,ALEXATRNS,10 Buttermere Way,DN327EH,,,
IN-00346,ERP_VENDORS,70 CAMBRIDEGARDENS LIMITED,"70 Cambridge Gardens, London",W10 6HR,UK,www.70cambridgegardens.co.uk,
IN-00347,CRM,Accounting For The Fture LTD,"46 brookbank cl, cheltenham",gl50 3nb,UK,,
IN-00348,ERP_VENDORS,AUROCH CAPITAL ADVISORY LIMITED,"1 Allied Business Centre, Coldharbour Lane, Harpenden",AL5 4UT,United Kingdom,,
IN-00349,WEB_FORM,Boulton Warehouse,,,UK,https://boultonwarehouse.co.uk/about,
IN-00350,CRM,Brick-Tech Construction Limited,"69 DOVEDALE, WARE",SG12 0XL,United Kingdom,,
IN-00351,CRM,B & R Doherty (Haulage) Limited,"548 old bedford rd, bedfordshire",LU27BY,United Kingdom,,
IN-00352,ERP_VENDORS,Bath Social & Development Research Ltd.,"39 APSLEY ROAD, BATH",BA1 3LP,ENGLAND,www.bathsocialanddevelopmentresearch.co.uk,GB151408506
IN-00353,CRM,Ag Proprtyventures Limited,"20 WENLOCK ROAD, LONDON",N1 7GU,ENGLAND,,
IN-00354,CRM,Ayti Trans,,,United Kingdom,,GB 145 8933 92
IN-00355,WEB_FORM,ACAP PRIVATEEQUETY LTD,19-20 Bourne Ct,IG8 8HD,UK,,
IN-00356,ERP_VENDORS,Ability Advise Uk Limited,"the old workshop, 1 ecclesall rd south, sheffield",s11 9pa,United Kingdom,,
IN-00357,WEB_FORM,ABSOLTUEGUFF LTD,"1 STEARMAN ROAD, BROCKWORTH, GLOUCESTER",GL3 4FH,GB,,
IN-00358,WEB_FORM,BIG DIGITAL FISH Limited,"20-22 Wenlock Road, London",N1 7GU,United Kingdom,,
IN-00359,WEB_FORM,AVENIUM ENGINEERING Ltd.,"3A Bowes Road Business Park, Middlesbrough",TS2 1LU,ENGLAND,,
IN-00360,CRM,Bletchley Skephire Limited,"Envirowaste Recycling Centre, Jacks Hill, Graveley",SG4 7EQ,GB,,
IN-00361,ERP_VENDORS,4 Denning Road Management Company Ltd.,"4 Denning Road, London",NW3 1SU,UK,,
IN-00362,WEB_FORM,AMA J CONSULTING Limited Company,"46A, Vancouver Road, London",SE23 2AF,,,
IN-00363,CRM,ASHINGTININTERIORS LIMITED,"Rose Lea, Witchampton, Wimborne",,ENGLAND,,
IN-00364,ERP_VENDORS,Bonomo-Fox Aviation Services Limited,"50 Cotswolds Way, Calvert, Buckingham MK18 2FR",,,,
IN-00365,ERP_VENDORS,AKOYA REITCO Limited Company,"55 Baker Street, London",W1U 7EU,United Kingdom,,
IN-00366,ERP_VENDORS,Associated Sub-Contractors In Limited Partnership With Roman Slovak,"suite 3 the delphi building, moorgate rd, knowsley L33 7XL",,,,
IN-00367,WEB_FORM,AUTOMOITVEACCIDENT REPAIRS LTD,"UNIT 3, JAMES SCOTT ROAD, HALESOWEN",B63 2QT,United Kingdom,,
IN-00368,WEB_FORM,ARDALE INTERNATIONAL Ltd.,"SUITE F & G, LEVEL 3 NO 1 BOOTH PARK, CHELFORD ROAD, KNUTSFORD",WA16 8GS,,,
IN-00369,WEB_FORM,Services de Construction Avancés SARL,"99 Woolwich New Road, London",SE18 6EF,Royaume-Uni,,
IN-00370,WEB_FORM,Studios Dentaires Pomme SARL,"40 High Street, Northwood",HA6 1BN,Royaume-Uni,,
IN-00371,WEB_FORM,Bear Pictures,"143 EASTFIELD ROAD, PETERBOROUGH",PE1 4AU,GB,,GB 006037507
IN-00372,WEB_FORM,A MITCHELLINTERIORS Limited Company,"30 Milton Rd, Westcliff On Sea, Essex",SS0 7JX,,,
IN-00373,ERP_VENDORS,A&R Trders Ltd,"34 Boden Road, Birmingham",B28 9DJ,United Kingdom,,
IN-00374,WEB_FORM,ALEXXANDER PEARSON LTD,"4Th Floor 205, Regent Street, London",W1B 4HB,,,
IN-00375,WEB_FORM,Andrew Wicks Creative,"5 Blake Road, Hermitage, Thatcham",RG18 9WN,ENGLAND,,
IN-00376,WEB_FORM,AIMEIDX Ltd.,"soloman ho caxton rd, fulwood",PR29PL,UK,,
IN-00377,WEB_FORM,Bradbury Property Developments Ltd,"53 Milton Hall Rd, Gravesend",da12 1qn,,www.bradburypropertydevelopments.co.uk,
IN-00378,ERP_VENDORS,AMB ENGINEERING (DUMFRIES) LTD,"c/o farries, kirk & mcvean dumfries enterprise park, tinwald downs rd, dumfries",dg1 3sj,United Kingdom,,
IN-00379,WEB_FORM,A.T.C. Design And Build,,,,,gb 115314448
IN-00380,WEB_FORM,Alma Y Luna,,,,,554 4352 25
IN-00381,ERP_VENDORS,Apexbespoke Fiinishings Ltd,"76 Station Road, West Hallam, Ilkeston",DE7 6GW,,,
IN-00382,CRM,ACCURITE HOLDINGS LIMITED,"accurite, ulverston",LA129EE,,,
IN-00383,WEB_FORM,Auchencarroch Energy Ltd,"Pinsent Masons Llp Capital Square, 58 Morrison Street, Edinburgh",EH3 8BP,GB,,
IN-00384,ERP_VENDORS,Brixham And Newhaven Trawler Agents,"New Fish Quay, Brixham",TQ5 8AW,UNITED KINGDOM,info@brixhamandnewhaventrawleragents.co.uk,
IN-00385,CRM,Amesmonutmanagement Ltd,"flat 2 10, charlton st, llandudno",LL30 2AA,United Kingdom,,
IN-00386,ERP_VENDORS,Avs Maintenance Services Uk Ltd,128 City Rd,EC1V 2NX,UK,,
IN-00387,WEB_FORM,BOGGBAINTRADING LP Ltd,"4Th Floor, 115 George St, Edinburgh",EH24JN,,,
IN-00388,WEB_FORM,Airow Defencedelpoyment Ltd,"mains ho, chester le st",DH33AU,United Kingdom,,
IN-00389,WEB_FORM,ABSTRACT SOORCING AND TRADING LIMITED,"Britannia Court, 5 Moor Street, Worcester",WR1 3DB,GB,,
IN-00390,CRM,BENZO TYRES LIMITED,"Flat 38 Priory Mews, 44 Station Ave, Southend-On-Sea SS2 5EP",,,,
IN-00391,WEB_FORM,Aish Transport,,,United Kingdom,http://aishtransport.co.uk/contact-us,
IN-00392,ERP_VENDORS,Biesrm Limited,"20 SYCAMORE CLOSE, TILBURY",RM18 7TB,ENGLAND,,
IN-00393,CRM,Bizzloc Ltd.,"THE PICASSO BUILDING, CALDERVALE ROAD, WAKEFIELD",WF1 5PF,GB,,
IN-00394,CRM,ARISELIFTTS Ltd.,"14 London St, Andover",SP102PA,United Kingdom,,
IN-00395,WEB_FORM,ALICOOB LTD,"33 BASTION ROAD, LONDON",SE20RH,,,
IN-00396,CRM,AHP CREATAVE LTD,"6TH FLOOR GORDON CHAMBERS, 90 MITCHELL STREET, GLASGOW",G1 3NQ,UK,,
IN-00397,ERP_VENDORS,Bromley Rdg Developments,"UNIT 1 SPRING PARK, CLAYBURN ROAD, GRIMETHORPE",S72 7FD,,shop.bromleyrdgdevelopments.com,
IN-00398,ERP_VENDORS,BLUEOCEAN FIN-TECH LIMITED,"61 BRIDGE STREET, KINGTON",HR5 3DJ,,,
IN-00399,WEB_FORM,Britpartners Ltd,"unit 3 dulcia works, herbert st, london",E138BE,,,
IN-00400,ERP_VENDORS,ABBOT'S HILLLSCHOOL,"Abbot'S Hill School, Bunkers Lane, Hemel Hempstead",HP3 8RP,United Kingdom,www.abbotshillschool.co.uk,
IN-00401,CRM,A P S BRENHTURST,"40 Lansdowne Rd, Luton",LU31EE,GB,,
IN-00402,WEB_FORM,Blomfield Holdings,"FLAT 3, 141 SUTHERLAND AVENUE, LONDON",W9 1ES,UK,https://blomfieldholdings.com/about,
IN-00403,CRM,ATILAND 147 Ltd.,"169 Windsor Rd, Hull",HU54HG,,,
IN-00404,WEB_FORM,Beattdibs Ltd,"31 Egmont Street, Salford",M6 7FJ,,,
IN-00405,WEB_FORM,Blossoms Deli Haydock,"310 Clipsley Lane, Haydock, St. Helens",WA11 0JQ,GB,,GB 215311868
IN-00406,ERP_VENDORS,AFRICASIA PARTNERSHIP,"85 Tarling Road,C/O Vg & Co(Accountants), Canning Town, London",E16 1HN,UK,,
IN-00407,CRM,BEP WORKSHP LTD,"33 JACOBS WELL ROAD, BRISTOL",BS8 1DQ,UK,,
IN-00408,CRM,AEROS LGHT LTD,"C/O Bramble Accounting Solutions Limited Fern Court Business Centre, Castlegate, Clitheroe",BB7 1AZ,GB,,
IN-00409,WEB_FORM,ALALN FISHERIES LTD,"165 Brook Street, Broughty Ferry, Dundee",DD5 1DJ,GB,,
IN-00410,WEB_FORM,BLLUE DOT CHILD LAW LIMITED,"Arena Business Centre, Basing View, Basingstoke",,United Kingdom,,
IN-00411,CRM,Benjamin Bentley & Partners (Management),,,ENGLAND,,GB 097346340
IN-00412,WEB_FORM,Ava-Tia Limited,"120 Cavendish Place, Eastbourne BN21 3TZ",,,,
IN-00413,ERP_VENDORS,AK LANTSBERY Limited,"36 THE MEADOWS, BURNOPFIELD, NEWCASTLE UPON TYNE",NE16 6QW,,,
IN-00414,CRM,Al Forno Bangor,,,GB,,561 9642 09
IN-00415,WEB_FORM,B2Control,,,United Kingdom,,536703887
IN-00416,ERP_VENDORS,BRITANNIA CAREHOMES (SUSSEX) LIMITED,"30/32 North Street, Hailsham, East Sussex",,UK,www.britanniacarehomessussex.co.uk,
IN-00417,CRM,Avben Properties Ltd,"36 Beechfield Rd, London N4 1PE",,United Kingdom,,
IN-00418,CRM,Belmont West,"1ST FLOOR STUDIO 2, 150 HOLYWOOD ROAD, BELFAST",BT4 1NY,,belmontwest.com,
IN-00419,CRM,Bizafy Limited Company,"19 Portswood Road, Southampton",SO17 2ES,ENGLAND,,
IN-00420,CRM,Applied Wealth Management Ltd,"71-75 shelton st, london",WC2H9JQ,United Kingdom,,
IN-00421,WEB_FORM,BIG MONEY Ltd.,"4 Summerhill Road, Dartford",DA1 2LP,United Kingdom,,
IN-00422,ERP_VENDORS,106 SCOLES ROAD LTD,"106 SCALES ROAD, LONDON",N17 9EZ,GB,,
IN-00423,CRM,BOILERGURUS INSTALLATIONS Ltd.,"151 CLAREMONT AVENUE, NEW MALDEN",KT3 6QP,GB,,
IN-00424,WEB_FORM,Aberdeen Automotve Limited,"FARBURN HOUSE FARBURN TERRACE, DYCE, ABERDEEN",AB21 7DT,United Kingdom,,
IN-00425,WEB_FORM,BIODESIGN ACADEMY LTD,Office One 1 Coldbath Square EC1R 5HL,,GB,,
IN-00426,WEB_FORM,3P Accountants Limited,"Unit 29 Barleylands, Barleylands Rd CM11 2UD",,UK,,
IN-00427,CRM,Blau Sanitär und Heizung GmbH,"61 Headlands, Fenstanton, Huntingdon",PE28 9LP,Vereinigtes Königreich,,
IN-00428,WEB_FORM,Brownsclassiccs Llp,"2 Michaels Court Hanney Road, Southmoor, Abingdon",OX13 5HR,ENGLAND,,
IN-00429,WEB_FORM,2123 High Portishead Bristol (Freeholdco) Limited,"unit a, brook park east",ng20 8ry,UK,,
IN-00430,WEB_FORM,Befeliz,"21 HILL STREET, FLAT 278, HAVERFORDWEST",SA61 1QQ,UK,,
IN-00431,WEB_FORM,Az Traders LIMITED,"EXECUTIVE HOUSE, CENTRAL WAY, FELTHAM",TW14 0RX,UK,,
IN-00432,ERP_VENDORS,649 Media Ltd.,"8 COLDBATH SQUARE, LONDON",EC1R 5HL,United Kingdom,www.649media.co.uk,
IN-00433,ERP_VENDORS,AFFINITY ASSOC (AU) LTD,"Suite A, 1St Floor, Ashford",TN24 8XW,UNITED KINGDOM,,
IN-00434,ERP_VENDORS,96 BOOTS LTD,"31 Barley Hall St, Heywood",OL10 4DH,ENGLAND,,
IN-00435,CRM,Being Framed,,,GB,shop.beingframed.co.uk,
IN-00436,WEB_FORM,Ant Education Limited,"2Nd Floor, Kirkland Ho, Harrow",ha1 2ax,GB,,
IN-00437,ERP_VENDORS,Ben Griffiths Farriers LTD,"39 GRANGE ROAD, DARLINGTON",DL1 5NB,ENGLAND,,
IN-00438,ERP_VENDORS,Adg Plumbing & Heating,"C/O Cantelowes Limited, 1 Royal Exchange Avenue, London",EC3V 3LT,,www.adgplumbingandheating.com,
IN-00439,WEB_FORM,Bowscar Investments,,,United Kingdom,http://bowscarinvestments.com/contact-us,
IN-00440,CRM,Accord (Midlands),"UNIT 7, CARVER BUSINESS PARK, ASTONFIELDS ROAD",ST16 3HR,,https://accordmidlands.co.uk/about,
IN-00441,ERP_VENDORS,55 Lexham,"55 LEXHAM GARDENS, LONDON",W8 5JS,,https://55lexham.com/about,
IN-00442,ERP_VENDORS,Ac Therapy,,,United Kingdom,shop.actherapy.com,
IN-00443,WEB_FORM,37 Rosebery Gardens LTD,"37 Rosebery Gardens, Crouch End London",N8 8SH,,,
IN-00444,WEB_FORM,Andrea Berkeley Ltd,"2Nd Floor, Maritime Place Quayside, Chatham Maritime, Chatham",ME4 4QZ,GB,,
IN-00445,WEB_FORM,Boultbeebroks (Thirsk Row),"Shell Store Canary Dr, Rotherwas, Hereford",HR26SR,United Kingdom,,
IN-00446,WEB_FORM,Adn Babrer Ltd,"60 HEATH ROAD, LIVERPOOL",L19 4UF,GB,,
IN-00447,ERP_VENDORS,Arrow Car Hire Ltd.,"61 Cranbrook Road, Suite 9, 2Nd Floor, Ilford",IG1 4PG,GB,,
IN-00448,CRM,Atkins Consultancy,,,UK,WWW.ATKINSCONSULTANCY.CO.UK,
IN-00449,ERP_VENDORS,ACARAVIATION LTD,"35 Bishop Forbes Crescent, Blackburn, Aberdeen",AB21 0TW,UK,,
IN-00450,WEB_FORM,41 Langneyroad Rtm LTD,"Gnd Floor, 19 New Rd, Brighton",BN11UF,UNITED KINGDOM,,
IN-00451,CRM,Analysis Solutions Limited Company,"15 PEARTREE WAY, STEVENAGE",SG2 9DZ,,,
IN-00452,ERP_VENDORS,19 TYNEMMOUTH STREET FREEHOLD LIMITED,"19 Tynemouth Street, London",SW6 2QS,UK,,
IN-00453,ERP_VENDORS,129 Cheritonroad Rtm Company Ltd,"Flat 2, Park House, Folkestone",CT19 5HD,United Kingdom,,
IN-00454,CRM,Aldringhamhose Limited Company,"3 aldringham ho aldeburgh rd, aldringham",IP16 4PT,,,
IN-00455,ERP_VENDORS,Alexander Pearson,,,,,957 3064 92
IN-00456,WEB_FORM,Benza Group,"128 CITY ROAD, LONDON",EC1V 2NX,UNITED KINGDOM,WWW.BENZAGROUP.CO.UK,
IN-00457,WEB_FORM,"Arminius Real Estate Opportunity Fund Ii, L.P.",,,UK,,274 6244 00
IN-00458,ERP_VENDORS,AOPCRYF,29 amber gardens,SP10 3EB,,,
IN-00459,WEB_FORM,ATHEA TCS,"corner ho south row, caldicot",np26 3du,WALES,,
IN-00460,CRM,Booini Diagnositcs LIMITED,"Booini Diagnostics Ltd., 124 City Rd EC1V 2NX",,United Kingdom,,
IN-00461,CRM,A.S.H Air Conditioning Solutions,"18 RICHARD STREET, DUNSTABLE",LU5 4BH,UK,,GB-409-0583-10
IN-00462,WEB_FORM,Aamr81 Ltd,"29-31 Brewery Road, London",N7 9QH,GB,,
IN-00463,WEB_FORM,Addvanceddistribution Logistics Limited,"ALPHA 6, MASTERLORD OFFICE VILLAGE WEST ROAD, RANSOMES EUROPARK, IPSWICH",IP3 9SX,GB,,
IN-00464,WEB_FORM,18 BARTHOLOMEWVILLAS RTM COMPANY Ltd.,"C/O Uniq Block Management Harlow Enterprise Hub, Harlow",cm20 2nq,United Kingdom,,
IN-00465,CRM,Browninsfoood Limited,"25 Richmond Road, Smethwick",B66 4ED,UK,,
IN-00466,CRM,ADS2 POPERTY LLP,"3 WEEKLEY WOOD CLOSE, KETTERING",NN14 1UQ,United Kingdom,,
IN-00467,ERP_VENDORS,Best & Best,"Liberty House, 30 Whitchurch Lane, Edgware",HA8 6LE,,,gb 017972851
IN-00468,ERP_VENDORS,Adroit Interim Management Limited,"38C King Charles Road, Surbiton",KT5 8PY,GB,,
IN-00469,WEB_FORM,97 Strawberry Vale LTD,"97 Strawberry Vale, Twickenham",TW1 4SJ,UK,,
IN-00470,ERP_VENDORS,At One Therapy & Wellbeing Ltd,"Minerva House Tithe Barn Way, Swan Valley, Northampton",NN4 9BA,,,
IN-00471,WEB_FORM,Bannan Buildingcontractors Limited,"41 Dundee Road West, Broughty Ferry, Dundee",DD5 1NB,GB,,
IN-00472,CRM,ADS PURCHASE & SUPPLY Limited Company,"40 CENTENARY BUSINESS CENTRE, HAMMOND CLOSE ATTLEBOROUGH FIELDS IND ESTATE, NUNEATON",CV11 6RY,,www.adspurchaseandsupply.com,
IN-00473,CRM,BEARS BAKERY Ltd.,"65 Crouch Avenue, Hullbridge, Hockley",SS5 6BS,GB,,
IN-00474,WEB_FORM,BEN SCA WINNDFARM LIMITED,"1St Floor,, 50 Lothian Road, Edinburgh",,,www.benscawindfarm.co.uk,
IN-00475,CRM,AMHURST INDUSTRIALGASES LTD,"OFFICE 4F, 36A, HAVEN DRIVE, BIRMINGHAM",B27 7TW,ENGLAND,,
IN-00476,WEB_FORM,111 Staging Ltd.,"Blackburn Technology Management Center Challenge Way, Office R37, Blackburn",BB1 5QB,United Kingdom,,
IN-00477,ERP_VENDORS,Brengme Hospitulity Ltd.,"15 Alexandra Corniche, Hythe",CT21 5RW,UNITED KINGDOM,,
IN-00478,ERP_VENDORS,Avp Faods Ltd,"Athene House, Suite J, 86 The Broadway, London",NW7 3TD,,,
IN-00479,ERP_VENDORS,A2J INNOVATIONS LTD,"71-75 shelton st, covent garden, london",WC2H9JQ,United Kingdom,,
IN-00480,WEB_FORM,Beebahsal Consulting,"2 Harvest Fields Way, Sutton Coldfield",B75 5RB,United Kingdom,https://www.beebahsalconsulting.com/,
IN-00481,CRM,ABRAMPAH MENSAH LOGISTIC LTD,"25 Cavendish Rd, Morecambe",la3 1tx,UK,,
IN-00482,WEB_FORM,B ROBERTS PLUMBING AND HEATING Limited Company,"27 HIGH STREET, RISHTON, BLACKBURN",BB1 4JZ,ENGLAND,,
IN-00483,ERP_VENDORS,Adonis Care Limited,"9 Willow Gardens, Hounslow",TW3 4JS,ENGLAND,,
IN-00484,ERP_VENDORS,Archie Wrexham LTD,"Regina House, 124 Finchley Road, London",NW3 5JS,GB,,
IN-00485,CRM,Amberhydaulics Ltd,"UNIT 4, 251 HOLT ROAD, HORSFORD, NORWICH",NR10 3EB,,,
IN-00486,ERP_VENDORS,Amhurst Ff Ltd.,"6 Grosvenor Way, London",E5 9ND,UNITED KINGDOM,,
IN-00487,WEB_FORM,Bar Bca Limited,"Rhosfach, Efailwen, Clynderwen",SA66 7XG,,,
IN-00488,WEB_FORM,ADAMANT HOMES LIMITED,"flat e, 13 grove park, london",se5 8lr,UK,www.adamanthomes.co.uk,
IN-00489,CRM,Acg Nw Limited,"146 LOCK LANE, PARTINGTON",M31 4PW,United Kingdom,,
IN-00490,ERP_VENDORS,Artison Forklifts LIMITED,"CORONATION WORKS, PROVIDENCE STREET LYE, STOURBRIDGE",DY9 8HN,,,
IN-00491,WEB_FORM,AZA PROPERTY GROUP Ltd.,"17 HAMLET ROAD, BIRMINGHAM",B28 9BG,UNITED KINGDOM,www.azapropertygroup.com,
IN-00492,ERP_VENDORS,365 Tdas,,,,,GB 437 3198 52
IN-00493,WEB_FORM,Birnie Gowkhill Energy Ltd,"east gowkhill, peterhead AB42 5SE",,GB,,
IN-00494,ERP_VENDORS,Bärentatze Bäckerei GmbH,"87C St. Neots Road, Sandy",SG19 1BP,Vereinigtes Königreich,,
IN-00495,CRM,A N ESTATES LTD,"410 Rayners Ln, Pinner HA5 5DY",,,,GB243993310
IN-00496,WEB_FORM,BRISTOL INFRACARE LIFT,"CHALLENGE HOUSE INTERNATIONAL DRIVE, TEWKESBURY BUSINESS PARK, TEWKESBURY",GL20 8UQ,UK,,
IN-00497,WEB_FORM,Aa Events And Travel,"8 Spur Road, Cosham, Portsmouth",PO6 3EB,ENGLAND,aaeventsandtravel.co.uk,
IN-00498,WEB_FORM,A Taste Of Texas Fest LTD,"54A ISIS STREET, LONDON",SW18 3QN,,,
IN-00499,WEB_FORM,BLOOMWELL ESTATE,"143 Station Road, Hampton",TW12 2AL,United Kingdom,,
IN-00500,ERP_VENDORS,Atuo Wear Custom Limited,"88 CUMBRIAN WAY, SOUTHAMPTON",SO16 4BJ,United Kingdom,,
IN-00501,CRM,AKIN GROUP,"1 DELANY AVENUE, WELLESBOURNE, WARWICK",CV35 9UA,,,
IN-00502,CRM,AMMYS SOLNS LTD,"50 marfitt st, leicester LE4 6RN",,UK,,
IN-00503,ERP_VENDORS,ADVISR 365 Limited,"54 Aberford Dr, Houghton Le Spring DH4 4ZH",,GB,,
IN-00504,ERP_VENDORS,ARDVARK ELEC Ltd,"10 Kingsley Ave, Hull",HU93HL,,,
IN-00505,CRM,Ability Advise Uk Limited,"The Old Workshop, 1 Ecclesall Rd South, Sheffield",S119PA,UK,,GB062244388
IN-00506,WEB_FORM,BALLYBOT DENTAL SURGERY LTD,"25 Patrick Street, Newry",BT35 8EB,United Kingdom,,
IN-00507,WEB_FORM,AS - FE Limited,"Lower Latches Farm Laches Ln, Coven, Wolverhampton",WV10 7PA,GB,,
IN-00508,WEB_FORM,A.S.H AIR CONDITIONINNGSOLUTIONS LTD.,"18 Richard Street, Dunstable",,UNITED KINGDOM,,
IN-00509,WEB_FORM,Bfn Estates,"45 Clarendon Gardens, Bromley Cross, Bolton",BL7 9GW,GB,,gb 863786100
IN-00510,WEB_FORM,Bethcorp,"FLAT 7, 57 OXFORD GARDENS, LONDON",W10 5UJ,UK,,gb 190562124
IN-00511,WEB_FORM,BRADSHAW ASSET MANAGEMENT LIMITED,1St Floor Cloister Ho Riverside,m3 5fs,,,
IN-00512,WEB_FORM,BRLLIANTTEXTILE Limited,"9 Pantygraigwen Rd, Pontypridd",CF372RR,United Kingdom,,
IN-00513,WEB_FORM,ARGLL FAST FOOD LTD,"Unit 3/4, 37 Rosyth Road, Glasgow",G5 0YD,SCOTLAND,,
IN-00514,CRM,AMMONITE PHARMACEUTICALS LIMITED,"114-116 GOODMAYES ROAD, ILFORD",IG3 9UZ,GB,,
IN-00515,ERP_VENDORS,Brookgate Mgmt Company Ltd,"network ho, station rd, maldon",CM9 4LQ,UK,,
IN-00516,WEB_FORM,Bdt Limited,"7 Stamford Square, Ashton-Under-Lyne OL6 6QU",,GB,,
IN-00517,ERP_VENDORS,AMMA CIVIL & STRUCTURAL ENGINEERING PVT Ltd.,"123 Wood End Gardens, Northolt",UB5 4QW,,,
IN-00518,CRM,ACORNCHAAN LIMITED,"Ash Tree Farm, Stockton Road, Stockton",CV47 8LD,GB,,
IN-00519,WEB_FORM,Ad Shorrock,"New House Farm, Ford Lane Goosnargh, Preston",,GB,https://www.adshorrock.com/,
IN-00520,WEB_FORM,Bolton Ceramics,"Paramount House, Cleggs Buildings, Bolton",BL1 4AN,GB,,
IN-00521,ERP_VENDORS,B Gifted,,,UK,https://bgifted.co.uk/about,
IN-00522,CRM,Aitchison Evans Consulting Ltd,"30 ST. GILES, OXFORD",,,,
IN-00523,WEB_FORM,Abe Care Agency Limited,"Sackville Place, 44-48. Magdalen Street, Norwich",NR3 1JU,,,
IN-00524,CRM,Brouwerij De Zwarte Molen B.V.,"2 The Beeches, Tickton, Beverley",HU17 9RL,Verenigd Koninkrijk,,
IN-00525,ERP_VENDORS,Blakkk,"Demar House 14 Church Road, East Wittering, Chichester",PO20 8PS,ENGLAND,blakkk.co.uk,
IN-00526,CRM,Abf Surfacing,"Goose House Rectory Street, Beckingham, Lincoln",LN5 0RG,ENGLAND,,GB-849-1702-26
IN-00527,CRM,41 Portland St Property Management,"41 PORTLAND STREET, ABERYSTWYTH",SY23 2DX,GB,http://41portlandstpropertymanagement.com/contact-us,
IN-00528,WEB_FORM,Bhl Plumbing And Haeting Limited Company,"129 Shaldon Dr, Morden",SM4 4BQ,,,
IN-00529,WEB_FORM,ABACUSMANGEMENT COLLECTIONS LIMITED,"Piccadilly Business Centre Unit C Aldow Enterprise Park, Blackett Street, Manchester",M12 6AE,United Kingdom,,
IN-00530,CRM,Anderson Property Developments Limited,"1St Floor, London",E2 9HE,United Kingdom,,
IN-00531,ERP_VENDORS,Andrea Berkeley Limited,"2nd floor, maritime place quayside, chatham maritime",ME4 4QZ,GB,,
IN-00532,CRM,AA ENGINEERS AND SURVYORS LTD,"38 Station Road, North Harrow, Harrow",HA2 7SE,United Kingdom,,
IN-00533,WEB_FORM,BGD 50 PROPERTIES LIMITED,34 South Gyle Crescent EH12 9EB,,SCOTLAND,,
IN-00534,ERP_VENDORS,A.B.C. (Enamelling & Fabrications) LTD,"Unit 4, The Vines Industrial Estate, High Street",,UK,,
IN-00535,ERP_VENDORS,AMTFAD IT Ltd.,"3Rd Floor, 86-90, Paul Street, London",EC2A 4NE,United Kingdom,,
IN-00536,ERP_VENDORS,2C Enterprises,"8 Berkeley Close, Fleet",GU51 3LH,UK,https://www.2centerprises.com/,
IN-00537,ERP_VENDORS,BAZILOO LIMITED,"3 HOWKINS ROAD, RUGBY",CV21 1BP,,,
IN-00538,CRM,Big Gld Jewellery,51 jameson st,HU13JA,UK,,
IN-00539,ERP_VENDORS,Ar Gujjar Traders Limited,"71-75 Shelton Street, Covent Garden, London",WC2H 9JQ,UK,,
IN-00540,WEB_FORM,19 Whitehall Park London N19 Ltd.,"19 WHITEHALL PARK, LONDON",N19 3TS,United Kingdom,,
IN-00541,CRM,Bretts At No. 42 LTD,"BRETTS AT NO. 42 42 ING HEAD TERRACE, SHELF, HALIFAX",HX3 7LB,UNITED KINGDOM,,
IN-00542,CRM,Benedictus,,,ENGLAND,,gb 697707033
IN-00543,ERP_VENDORS,Ag Cars LIMITED,"TYRES PLUS, GILNOW LANE, BOLTON",BL3 5EL,United Kingdom,,
IN-00544,ERP_VENDORS,Akrosco,,,UNITED KINGDOM,,519 9783 85
IN-00545,WEB_FORM,21 Mat Ltd,"500 WHITE HART LANE, LONDON",N17 7NA,ENGLAND,,
IN-00546,WEB_FORM,Agr Holdco 2 Limited Company,"FOURTH FLOOR BURLINGTON BUILDING, 19 HEDDON STREET, LONDON",W1B 4BG,United Kingdom,,
IN-00547,ERP_VENDORS,ALDRTERRACE,"61-63 Edgware Rd, London",W22HZ,UK,,
IN-00548,CRM,Bp Rigging Academy Ltd,1 Albert St,le11 2dw,,,
IN-00549,CRM,BDC II GP LP Ltd,"50 Lothian Road, Festival Square, Edinburgh",,,,
IN-00550,WEB_FORM,Bencers Limited,"12 Market Parade, Hampton Road West, Hanworth",TW13 6AL,United Kingdom,,
IN-00551,ERP_VENDORS,Bailey And Cronin,"2 UPTON ROAD, CLAUGHTON, WIRRAL",CH41 0DF,UNITED KINGDOM,https://www.baileyandcronin.com/,
IN-00552,WEB_FORM,BGW INSPCETION LIMITED,"5 SANDWICH GROVE, HARTLEPOOL",TS27 3PR,GB,,
IN-00553,CRM,ADB & PARTNERS LTD,"222 Albert Rd, Handsworth, Birmingham",B219JT,United Kingdom,,
IN-00554,CRM,Asb Groupholdings Ltd,"97 Carlton Avenue East, Wembley",HA9 8LZ,United Kingdom,,
IN-00555,CRM,Astenconstr Consultancy Ltd.,"52 chorley new rd, bolton",BL1 4AP,United Kingdom,,
IN-00556,ERP_VENDORS,A.B.C. (Enamelling And Fabrications),Unit 4,BS481BG,,,
IN-00557,ERP_VENDORS,4 Denning Road Mgmt Company Limited,"4 Denning Road, London",NW3 1SU,GB,,
IN-00558,ERP_VENDORS,360 Wheesl Ltd,"160 Wellworthy Rd, Lymington",SO418JY,United Kingdom,,
IN-00559,ERP_VENDORS,ALGINED (MC),"21 Dancer Rd, Richmond",TW94LD,United Kingdom,,
IN-00560,ERP_VENDORS,Ag Domestic Appliances,"3RD FLOOR, 120 BAKER STREET, LONDON",W1U 6TU,GB,WWW.AGDOMESTICAPPLIANCES.CO.UK,
IN-00561,ERP_VENDORS,Blue Vapes Angles,,,GB,https://bluevapesangles.uk/about,
IN-00562,WEB_FORM,Advanced Business Software,"9 Malvern Road, Worcester",WR2 4LE,,,GB 689891587
IN-00563,WEB_FORM,103 Warwick Road Limited Company,"103 Warwick Road, London",SW5 9EZ,UK,,
IN-00564,WEB_FORM,Assisthealth And Safety Limited,"VICTORIA STREET BUSINESS CENTRE, 192 VICTORIA STREET, GRIMSBY",DN31 1NX,GB,,
IN-00565,ERP_VENDORS,ACHITECHSURE LTD,"Unit 36 Silk Mill Ind. Est., Brook St, Tring",HP23 5EF,GB,,
IN-00566,WEB_FORM,Avenium Engineering LIMITED,"3A BOWES ROAD BUSINESS PARK, MIDDLESBROUGH",TS2 1LU,ENGLAND,,
IN-00567,CRM,Aviva Investors Infrastructure Income M No.4C,"80 Fenchurch Street, London",EC3M 4AE,UK,,
IN-00568,ERP_VENDORS,Atkinson Treesvcs Limited,"Kitson, Woodland Ave, Teignmouth",TQ148UU,,,
IN-00569,ERP_VENDORS,AFRO HEAVEN LTD,"26 townmead rd, waltham abbey",EN91RP,GB,,
IN-00570,CRM,BRICTEK LTD,"16E Moneydarragh Rd, Annalong BT34 4TY",,NORTHERN IRELAND,,
IN-00571,ERP_VENDORS,Balthazar Gd,"4/2 Boyds Entry, Edinburgh",EH1 1SY,SCOTLAND,WWW.BALTHAZARGD.UK,
IN-00572,WEB_FORM,Akkikoshishido Limited,"20-22 Wenlock Rd, London N1 7GU",,ENGLAND,,
IN-00573,CRM,Browns Classics Llp,"2 Michaels Ct Hanney Rd, Southmoor, Abingdon OX13 5HR",,ENGLAND,,
IN-00574,WEB_FORM,Brewery Lane (Baldock) Management Company,"Provincial House, 3 Goldington Road, Bedford",MK40 3JY,UK,,872 0146 38
IN-00575,WEB_FORM,ABOUYAHHYA LIMITED,"71-75 Shelton St, Covent Garden, London",wc2h 9jq,GB,,
IN-00576,CRM,365 MUSC,"building 3 north london bus. park, london",n11 1gn,,,
IN-00577,ERP_VENDORS,Bh Holdings (Eng),"128 City Road, London",EC1V 2NX,United Kingdom,,GB 767 2025 42
IN-00578,WEB_FORM,Alisa James Media,"30 SIRDAR ROAD, LONDON",N22 6RG,UNITED KINGDOM,shop.alisajamesmedia.co.uk,
IN-00579,WEB_FORM,AYRTON ELECTRICAL LIMITED,"406-408 Merton Road, London",SW18 5AD,GB,,
IN-00580,ERP_VENDORS,ALMIATRAVEL LTD,"3A Walter Road, Smethwick",B67 7NP,,,
IN-00581,WEB_FORM,Ap Sd Seventy Four Limited,"49 Richford Gate, Richford St, London W6 7HY",,UK,,
IN-00582,ERP_VENDORS,99 Marine Drive Ltd,"5 Cornfield Terrace, Eastbourne",BN214NN,UK,,GB091340701
IN-00583,WEB_FORM,Ap Sd Seventy Four,"49 Richford Gate, Richford Street, London",W6 7HY,United Kingdom,,GB-714-0462-27
IN-00584,WEB_FORM,BARASET PROPS LIMITED,"Baraset House Wellesbourne Road, Alveston, Stratford-Upon-Avon",CV37 7RF,UNITED KINGDOM,,
IN-00585,CRM,Livres Geai Bleu SARL,"11C Ken Road, Ken Road, Bournemouth",BH6 3ET,Royaume-Uni,,
IN-00586,ERP_VENDORS,Zwarte Tulp Transport B.V.,"59B Sandeman Street, Dundee",DD3 7LD,Verenigd Koninkrijk,,
IN-00587,CRM,Ammonite Pharmaceuticals,"114-116 GOODMAYES ROAD, ILFORD",IG3 9UZ,GB,,GB 644530182
IN-00588,WEB_FORM,APEX CARE ALLIANCE LIMITED,"Trinity Medical Centre, Wakefield",wf1 1pg,GB,,
IN-00589,CRM,BURPX Ltd.,"Suite 10434 5 Brayford Square, London",E1 0SG,UK,,
IN-00590,CRM,Arneca Ltd.,"34 South Approach, Northwood",HA6 2ET,ENGLAND,,
IN-00591,ERP_VENDORS,BLUE FERN LANDSCAPES Ltd.,"25 Balmore Drive, Caversham, Reading",RG4 8NL,GB,,
IN-00592,WEB_FORM,AUDIENCEENGAEGMENT UK Ltd,"1 Park Rd, Kingston Upon Thames",KT14AS,GB,,
IN-00593,CRM,Servicios de Seguridad Halcón Negro S.L.,"61 Stratford Road, Luton",LU4 8NG,Reino Unido,,
IN-00594,ERP_VENDORS,ANLABY PARK HOTEL LTD,"265 hull rd, anlaby common, hull",HU47RY,,,
IN-00595,CRM,Acps+ LIMITED,"29 Whitegate Drive, Whitegate Drive, Blackpool",FY3 9AA,GB,,
IN-00596,WEB_FORM,136 High Street Management Company Limited,"stonemead ho, 95 london rd, croydon",CR02RF,GB,,
IN-00597,CRM,Aplomado Holdco,"TRAYNOR HUB (T2) TRAYNOR WAY, WHITEHOUSE BUSINESS PARK, PETERLEE",SR8 2RU,,https://www.aplomadoholdco.co.uk/,
IN-00598,CRM,BICERTONBEES LTD,"Suite 5, 125-129 Witton Street, Northwich",CW9 5DY,GB,,
IN-00599,WEB_FORM,Bleck Bearrecruitment Ltd,"21 Daleside, Dewsbury",WF12 0PJ,GB,,
IN-00600,ERP_VENDORS,Bright Star Payment Solutions Ltd,"29 Commercial St, Dundee DD1 3DG",,UK,,
IN-00601,CRM,Bue Tree Hospitality Ltd,"76 Main Street, Fintona, Omagh",BT78 2AE,United Kingdom,,
IN-00602,WEB_FORM,Amd Medical Services,,,UNITED KINGDOM,shop.amdmedicalservices.com,
IN-00603,WEB_FORM,Boom Wholesale,,,GB,https://boomwholesale.co.uk/about,
IN-00604,WEB_FORM,Aop Logistics,,,UK,info@aoplogistics.co.uk,
IN-00605,CRM,AIR WORKS AVIATION SERVICES UK LIMITED,"c/o larking gowen 1st floor prospect ho, rouen rd, norwich",NR11RE,UK,,
IN-00606,CRM,Ask Legal Solicitors,"SUITE 8 SOUTHGATE TWO, 321 WILMSLOW ROAD, CHEADLE",SK8 3PW,GB,,
IN-00607,WEB_FORM,Ae43,"253 ALCESTER ROAD SOUTH, BIRMINGHAM",B14 6DT,UNITED KINGDOM,,gb 909968413
IN-00608,ERP_VENDORS,2K MANAGEMENT LTD,"3rd floor colwyn chambers, manchester",m2 3ba,GB,www.2kmanagement.co.uk,
IN-00609,ERP_VENDORS,Amr Resin And Flame,,,,,GB 529939881
IN-00610,CRM,Conseil Ours Brun SARL,"10 The Hamlet, Nailsea",BS48 1BY,Royaume-Uni,,
IN-00611,ERP_VENDORS,Aimidix Ltd,"SOLOMAN HOUSE CAXTON ROAD, FULWOOD, PRESTON",PR2 9PL,UK,,
IN-00612,WEB_FORM,Barrettsfinancial Solns Limited,"White House Corner, Clavering Road, Manuden",CM23 1BQ,UK,,
IN-00613,CRM,4303 Events,"38 WHITEFIELD ROAD, STOCKTON HEATH, WARRINGTON",WA4 6LZ,,,gb 511890174
IN-00614,CRM,Ashtree Partners,,,UNITED KINGDOM,WWW.ASHTREEPARTNERS.UK,
IN-00615,CRM,ABYAZ LIMITED,"316 ROMFORD ROAD, C/O AFS, LONDON",E7 8BD,ENGLAND,,
IN-00616,CRM,Balkanian Tradition Ltd.,"101 Silver Street, London",N18 1RG,,,
IN-00617,CRM,Ankaz,"71-75 Shelton Street, Covent Garden, London",WC2H 9JQ,United Kingdom,,560444600
IN-00618,CRM,A.G.B Industrial,,,UK,,GB 858178742
IN-00619,ERP_VENDORS,ALUMNILEB,"201 haverstock hill, london",NW34QG,,,
IN-00620,ERP_VENDORS,Beauty & The Balance Ltd,"128 City Road, London",,UNITED KINGDOM,,
IN-00621,WEB_FORM,Alppine Cleaning Mgmt Ltd.,"16 High St, Brackley",NN137DS,UK,,
IN-00622,WEB_FORM,706 FULHAM ROAD LTD,"963 Fulham Road, London",SW6 5JJ,GB,,
IN-00623,CRM,B.P.S. PLASTIICS LIMITED,"19 DIAMOND COURT OPAL DRIVE, FOX MILNE, MILTON KEYNES",MK15 0DU,,,
IN-00624,WEB_FORM,Ag Holiday Parkslender Limited,"The Maylands Building, 200 Maylands Avenue, Hemel Hempstead",HP2 7TG,ENGLAND,,
IN-00625,ERP_VENDORS,Agr Pharma Ltd,"191, Brownshill Green Rd, Coundon, Coventry",CV62AS,,,
IN-00626,ERP_VENDORS,39 LYHAM ROAD LIMITED,"39 lyham rd, london SW2 5DX",,United Kingdom,,
IN-00627,ERP_VENDORS,Ac Partners Professionol Svcs Ltd,"869 High Road, London",N12 8QA,United Kingdom,,
IN-00628,WEB_FORM,Brown Bear Consulting,"10 THE HAMLET, NAILSEA",,United Kingdom,,GB 367635497
IN-00629,WEB_FORM,BMJ INNOVATIONS LIMITED,"4 Wharfe Mews, Cliffe Terrace, Wetherby",LS22 6LX,UNITED KINGDOM,,GB835762102
IN-00630,WEB_FORM,Alastralobs Ltd,"30 CHURCHILL PLACE, LONDON",E14 5RE,GB,,
IN-00631,WEB_FORM,AMBLERS MILL Ltd.,"29 Thoresby Way, Retford",DN22 7WS,,www.amblersmill.com,
IN-00632,CRM,Brondesbury Villas Tenants Association Ltd,"21 BASEMENT FLAT, BRONDESBURY VILLAS, LONDON",,GB,,
IN-00633,CRM,Amsppec Ndt Limited,"41 Church Road, Rolleston-On-Dove, Burton-On-Trent",DE13 9BG,United Kingdom,www.amspecndt.co.uk,
IN-00634,CRM,Artisan Recruitmont (Uk) Ltd,"ARTISAN SUITE FITZLEROI FARM, FITTLEWORTH, PULBOROUGH",,,,
IN-00635,WEB_FORM,Bestbetting,"Seymour Mews House, 26-37 Seymour Mews, London",,United Kingdom,,gb 007029629
IN-00636,CRM,BONDS AND MOORE LIMITED,"6 REGENCY GARDENS, HORNCHURCH",RM11 1PP,,,
IN-00637,ERP_VENDORS,ADLINGTONESTATUS Ltd,"Adlington Ho, Congleton",CW12 1LB,UK,,
IN-00638,CRM,Abercaldy Portfolionominnees 2 LTD,"1st floor rico ho, prestwich",m25 9ws,GB,,
IN-00639,CRM,AJB CARE AND SAFEGUARDINGCONSULTANCY,"37-39 Westgate, Thirsk",YO7 1QR,GB,,
IN-00640,WEB_FORM,ALTFIN TECH PLC,"16 berkeley st, london W1J 8DZ",,United Kingdom,,
IN-00641,CRM,BOYES AIR CONDITIONING LIMITED,"12 Fairwood, Coate, Swindon",SN3 6DG,UK,,
IN-00642,ERP_VENDORS,AVD INVEST Limited,78 Dorchester Rd,LE30UG,GB,,
IN-00643,WEB_FORM,Breweyr Lane (Baldock) Managementcompany Limited,"PROVINCIAL HOUSE, 3 GOLDINGTON ROAD, BEDFORD",MK40 3JY,GB,,
IN-00644,WEB_FORM,Angus Horticulture Limited,"Whanland Farm, Brechin",DD96UF,GB,,
IN-00645,ERP_VENDORS,Bournecoast,,,United Kingdom,http://bournecoast.com/contact-us,
IN-00646,ERP_VENDORS,Atlas Assured Properties,"20 WENLOCK ROAD, LONDON",N1 7GU,,shop.atlasassuredproperties.co.uk,
IN-00647,CRM,16 Lyndhurst Road,,,GB,,GB 170395970
IN-00648,CRM,Attarversa,"42 Talbot Rd, London",n6 4qp,ENGLAND,,
IN-00649,ERP_VENDORS,3NTROPY Limited,"167-169 great portland st, london",W1W5PF,ENGLAND,,
IN-00650,CRM,Auranotes Ltd,"37 Elms Ln, Wembley HA0 2NX",,GB,,
IN-00651,ERP_VENDORS,Adams Street Partners Uk Limited Liability Partnership,"1 Great Cumberland Place, 7Th Floor, London",W1H 7AL,UK,,
IN-00652,ERP_VENDORS,BESLEY HERITAGE LTD,"1 Wales St, Kings Sutton, Banbury",OX173RR,,,
IN-00653,ERP_VENDORS,Abzie-Cutz Ltd.,"545 LINCLON ROAD, PETERBROUGH",PE1 2PB,United Kingdom,,
IN-00654,WEB_FORM,ACQUIRED CRICKLEWOOD Ltd,"726 Cranbrook Road, Ilford",IG6 1HU,GB,,
IN-00655,CRM,8 ST ANNSCRESCENT RTM COMPANY LIMITED,"8A ST ANNS CRESCENT, LONDON",,GB,,
IN-00656,CRM,Arbour Umbrellas Limited,"15 GRAND MARINE COURT, DURLEY GARDENS, BOURNEMOUTH",BH2 5HS,United Kingdom,,
IN-00657,CRM,Aworx Commercial Maintenance,"40 Singer Way, Kempston, Bedford",MK42 7AF,United Kingdom,https://www.aworxcommercialmaintenance.co.uk/,
IN-00658,ERP_VENDORS,BOURNEMOUTH CHRISTCHERCH POOLE UK INTERNATIONAL EDUCATION ASSEMBLY LIMITED,"C/O ANGLO-CONTINENTAL 29-35, WIMBORNE ROAD, BOURNEMOUTH",BH2 6NA,United Kingdom,,
IN-00659,WEB_FORM,ARMSTRONG HR LTD,6 crofthead rd KA9 1HW,,,,
IN-00660,CRM,Bob Powell Consulting,,,UK,,GB 930 8142 22
IN-00661,ERP_VENDORS,Akid Flooring,,,UK,,GB 058885870
IN-00662,WEB_FORM,AGNES LLOYD-PLATT PHOTOGRAPHIC LTD,"GROUND FLOOR COOPER HOUSE, 316 REGENTS PARK ROAD, LONDON",N3 2JX,,,
IN-00663,CRM,BARGAIN WORLD LIVERPOOL LTD,"70 speke rd, hunt's cross, liverpool",L25 0NW,UNITED KINGDOM,,
IN-00664,ERP_VENDORS,Britauto Motors,,,United Kingdom,https://britautomotors.uk/about,
IN-00665,WEB_FORM,Anamaria Cleaning Experts,,,GB,,399 7709 55
IN-00666,ERP_VENDORS,22 SQUARED LIMITED,"940 green lanes, london",N21 2AD,United Kingdom,,
IN-00667,CRM,Bath Couriers LIMITED,"12 THE BEECHES, BATH",BA2 2UX,UK,,
IN-00668,WEB_FORM,A.S.H. Plumbing Heating Ltd,"21 Churchleys Ave, Rearsby, Leicester",le7 4yf,,,
IN-00669,WEB_FORM,Ai Chat Solutions,,,UK,WWW.AICHATSOLUTIONS.CO.UK,
IN-00670,CRM,BOLDERWOOD SOLUTIONS LIMITED,Market Ho GU34 1HG,,United Kingdom,,
IN-00671,WEB_FORM,Beswickbuilding Ltd.,"1st floor, 28 whitehorse st",SG76QQ,UK,,
IN-00672,CRM,ASSOCIITED SUB-CONTRACTORS IN LIMITED PARTNERSHIP WITH STEVENMCBARROW,"LEE VALLEY TECHNOPARK, ASHLEY ROAD, TOTTENHAM",N17 9LN,UK,,
IN-00673,CRM,BETTY LANE Ltd.,"MEADOW GATE, BETTY LANE, OXFORD",OX1 5BW,GB,,
IN-00674,ERP_VENDORS,Blueradiegraphy Services Ltd,"263 NOTTINGHAM ROAD, NOTTINGHAM",NG7 7DA,United Kingdom,,
IN-00675,WEB_FORM,ANCOVIA Limited,"124 CITY ROAD, LONDON",EC1V 2NX,United Kingdom,,GB552131867
IN-00676,ERP_VENDORS,4 Greenman Ltd.,"UNIT 3 ST GEORGES ROAD INDUSTRIAL ESTATE, DONNINGTON, TELFORD",TF2 7QZ,UK,,
IN-00677,CRM,Alt Asset Finance,,,,,gb 226067741
IN-00678,CRM,Bracklesham Bay Developments,"91 ST. THOMAS AVENUE, HAYLING ISLAND",PO11 0EU,ENGLAND,,
IN-00679,ERP_VENDORS,Aa Engineers & Surveyors,"38 Station Road, North Harrow, Harrow",HA2 7SE,GB,,GB-378-6137-72
IN-00680,CRM,Apso Ltd,"13 Park Ln, Hale",WA159JS,,,
IN-00681,CRM,182 NORTHWOODROD RTM COMPANY LIMITED,"57 WADDINGTON WAY, UPPER NORWOOD, LONDON",SE19 3UE,United Kingdom,,GB182673363
IN-00682,CRM,Aera Technology,,,United Kingdom,info@aeratechnology.co.uk,
IN-00683,WEB_FORM,56 STUART ROAD MANAGEMENT COMPANY,"55 Whitleigh Avenue, Plymouth",PL5 3AU,United Kingdom,www.56stuartroadmanagement.co.uk,
IN-00684,WEB_FORM,ALDAR TERRAE LTD,"61-63 Edgware Road, London",W2 2HZ,United Kingdom,,
IN-00685,ERP_VENDORS,Boldea,"OFFICE 9607, 321-323 HIGH ROAD, HIGH ROAD, CHADWELL HEATH, ESSEX",,UK,,GB 495851868
IN-00686,ERP_VENDORS,Arch56,,,United Kingdom,,GB 199 5119 76
IN-00687,ERP_VENDORS,APSIREIMMIGRATION LTD,"61A Friargate, Preston",PR1 2AT,UK,,
IN-00688,CRM,Barrhead Utility Services Limited Company,"21 Forbes Place, Paisley",PA1 1UT,UK,,
IN-00689,CRM,Blue Fox Trans Limited,"ENDEAVOUR HOUSE, SAVILLE ROAD, PETERBOROUGH",PE3 7PS,GB,,
IN-00690,CRM,Arihant Sales,"4 MANORBIER ROAD, BEDFORD",MK41 8PB,GB,,
IN-00691,ERP_VENDORS,A.Cdunn,"10 CLERMONT ROAD, LONDON",E9 7RR,GB,,101 5493 32
IN-00692,ERP_VENDORS,AQUUTICWORLD (CARDIFF) LIMITED,"94C Crwys Road, Cathays, Cardiff",CF24 4NQ,UK,,
IN-00693,WEB_FORM,Brnickseurope LTD,"2 new bailey, salford",M35GS,United Kingdom,,
IN-00694,CRM,AD CAPITALMARKKETS,"sovereign gate, richmond",TW9 2NA,United Kingdom,,
IN-00695,ERP_VENDORS,Blue Piont Yachting LIMITED,"72 Princess Ct, London",W24RE,GB,,
IN-00696,CRM,A1 Dance Company Limited,"191 tillycairn dr, glasgow",g33 5hs,,www.a1dance.com,
IN-00697,CRM,Archways Care Ltd,Chamberlain Ho Focus Foster Care CV8 2LG,,ENGLAND,,
IN-00698,WEB_FORM,Astoria Court Consulting Ltd.,"167-169 Great Portland Street, London",W1W 5PF,United Kingdom,,
IN-00699,ERP_VENDORS,Armur Limited,"38 GORING ROAD, GORING-BY-SEA, WORTHING",BN12 4AD,United Kingdom,,
IN-00700,ERP_VENDORS,Anakosowska Limited,"34 brynmead cl, sketty, swansea",SA29EY,,,
IN-00701,ERP_VENDORS,Bromey Rdg Devs Ltd,"Unit 1 Spring Park, Clayburn Rd, Grimethorpe",S727FD,UK,,
IN-00702,ERP_VENDORS,Anshchauuffeurs Ltd,"14 ROSSLYN CLOSE, HAYES",UB3 2SU,UK,,
IN-00703,CRM,Brisk Marketing Group Ltd,"167-169 great portland st, london W1W 5PF",,GB,,
IN-00704,ERP_VENDORS,Big White Solutions Ltd.,"71-75 Shelton Street, Covent Garden, London",WC2H 9JQ,UNITED KINGDOM,,
IN-00705,CRM,AJW CONSTR CONSULTING,"206 collis st, stourbridge",DY8 4EQ,UK,,
IN-00706,CRM,Ascott Fabrications,,,,,318694301
IN-00707,CRM,BEVERLY MARKS STAGE SCHOOL LIMITED,Suite 1 Concept Ho RM11 1XP,,GB,,
IN-00708,ERP_VENDORS,Abbeydale Blinds Ltd,"9 Shottery Brook Office Park Timothys Bridge Rd, Stratford-Upon-Avon",CV379NR,,,
IN-00709,WEB_FORM,ABC MURKETS LIMITED,"76A St. Georges Road, Hull",HU3 6EJ,GB,,
IN-00710,WEB_FORM,Bluepoint Marine,,,UK,http://bluepointmarineservices.co.uk/contact-us,
IN-00711,CRM,32 COLESNO LIMITED,"32 COLENSO ROAD, LONDON",E5 0SL,,,
IN-00712,ERP_VENDORS,A N Estates Limited,"410 RAYNERS LANE, PINNER",HA5 5DY,ENGLAND,,
IN-00713,ERP_VENDORS,Big Oak (Kent) Limited,"C/O Axis Travel Marketing Ltd, River Lawn Rd",TN9 1EP,GB,,
IN-00714,WEB_FORM,BALLER$ LOUNGE Ltd,"60 OAKFIELD ROAD, BENFLEET",SS7 5NP,ENGLAND,,
IN-00715,CRM,Brkeleyroyce Moore 2 Ltd,"78 LEAGRAVE ROAD, LUTON",LU4 8HZ,United Kingdom,,
IN-00716,CRM,Bangin' Events LIMITED,"80 Skapade Ltd, 80 Castlegreen Street, Unit 3, Dumbarton",G82 1JB,UK,,
IN-00717,ERP_VENDORS,Bint Couture Limited,"101 CRANFORD DRIVE, HAYES",,United Kingdom,,
IN-00718,WEB_FORM,ACCELYTE.AI Ltd.,"71-75 Shelton St, Covent Garden, London",WC2H9JQ,UNITED KINGDOM,,
IN-00719,WEB_FORM,Bak. Property,"FLAT 8 ALLOM HOUSE, CLARENDON ROAD, LONDON",W11 4JJ,United Kingdom,,
IN-00720,CRM,ALOEALOE MEDICAL AND SCIENTIFIC WRITING LTD,"Delta 606, Welton Rd, Swindon",sn5 7xf,UNITED KINGDOM,,
IN-00721,WEB_FORM,ADDITIINCOMMUNICATIONS LTD,"12 Birdwood Road, Maidenhead",,,,
IN-00722,CRM,Atherton Propertydevelopments,"1st floor, 16 grange rd west, birkenhead",CH414DA,GB,,
IN-00723,CRM,Ats Securityservices Ltd,"181 BECONTREE AVENUE, DAGENHAM",RM8 2UR,GB,,
IN-00724,CRM,BELRON GERMANY HOLDINGS LTD,"Milton Park, Stroude Road, Egham",TW20 9EL,,,
IN-00725,ERP_VENDORS,Ascott Fabrications,"UNIT 1B SHAW CROSS BUSINESS PARK, OWL LANE, DEWSBURY",WF12 7RF,ENGLAND,,
IN-00726,ERP_VENDORS,Archie Wrexham,,,,,GB 259636987
IN-00727,CRM,Black Tie Bartenders,"9 Llanon Road, Llanishen, Cardiff",CF14 5AF,GB,,GB-910-9156-64
IN-00728,ERP_VENDORS,BEARS BAKERY LTD,"65 Crouch Ave, Hullbridge, Hockley",SS56BS,ENGLAND,,
IN-00729,WEB_FORM,A ROOMWITH A VIEW PRODUCTIONS Ltd,"99 Kenton Rd, Harrow",HA3 0AN,,,
IN-00730,CRM,BEECHES ESTATES Limited Company,"The Rustlings La Giffarderie, Albecq, Castel",GY5 7HN,,,
IN-00731,WEB_FORM,Belfast Shane Nominees 2 Limited,"1st floor rico ho george st, prestwich, manchestser M25 9WS",,UK,,
IN-00732,WEB_FORM,Branch Eng,"20 HOWARD STREET SOUTH, GREAT YARMOUTH",NR30 1LL,UK,WWW.BRANCHENG.CO.UK,
IN-00733,ERP_VENDORS,Abe Advertising,,,ENGLAND,WWW.ABEADVERTISING.CO.UK,
IN-00734,WEB_FORM,365 Music,"BUILDING 3 NORTH LONDON BUSINESS PARK, OAKLEIGH ROAD SOUTH, LONDON",N11 1GN,GB,https://365music.co.uk/about,
IN-00735,CRM,Award Prperty Holdings Ltd,"THE CORNER COTTAGE, SPRIDLINGTON, MARKET RASEN",LN8 2DE,United Kingdom,,
IN-00736,CRM,Ardvarkelectrical,"10 Kingsley Ave, Hull",HU93HL,,,
IN-00737,WEB_FORM,ABDIAZAZMOHAMED Limited,25 Laxford Cl,LE40RB,UK,,
IN-00738,ERP_VENDORS,BEXHILL JUMP PARK,"Source Bmx Maunsell Road, Maunsell Road, St. Leonards-On-Sea",TN38 9NN,UK,,
IN-00739,CRM,Babbarsteret Limited,"Tube Service Centre Lowley Rd, Pennygillam Ind. Est., Launceston",pl15 7py,,,
IN-00740,WEB_FORM,Affinity Associates (Au),"SUITE A, 1ST FLOOR, UNIT 1, EUROGATE BUSINESS PARK, ASHFORD",TN24 8XW,GB,WWW.AFFINITYASSOCIATESAU.CO.UK,
IN-00741,CRM,Blindrte Limited,"17306974 - Companies Ho Default Address, Cardiff",CF14 8LH,,,
IN-00742,CRM,BRADBURY PROPERTYDEVS LTD,"53 Milton Hall Road, Gravesend",,United Kingdom,,
IN-00743,WEB_FORM,Bexhilljmp Park Cic,"Source Bmx Maunsell Road, Maunsell Road, St. Leonards-On-Sea",TN38 9NN,ENGLAND,www.bexhilljumppark.co.uk,
IN-00744,CRM,Agbabiaka Entertainment Promotions Uk Ltd.,"143 COBDEN STREET, MANCHESTER",M9 4EB,GB,www.agbabiakaentertainmentpromotionsuk.com,GB975103761
IN-00745,ERP_VENDORS,Ingénierie Chat Noir SARL,"C/O Millward, May & Co, 55A Peach Street, Wokingham",RG40 1XP,Royaume-Uni,,
IN-00746,CRM,Bristol Inter Lp,"OFFICE 7 CENTRUM OFFICES, 38 QUEEN STREET, GLASGOW",G1 3DX,UK,bristolinter.co.uk,
IN-00747,ERP_VENDORS,AL HAUS,"7 COPPERFIELD ROAD, COVENTRY",CV2 4AQ,United Kingdom,,
IN-00748,CRM,Alpha Mortgage,,,,shop.alphamortgagesolutions.co.uk,
IN-00749,WEB_FORM,ABRAMPAH MENSAHLOGSTIC LTD,"25 CAVENDISH ROAD, MORECAMBE",LA3 1TX,UK,,
IN-00750,WEB_FORM,Axholme Build Ltd.,"1 Harland Road, Lincoln",LN2 4GW,ENGLAND,,
IN-00751,CRM,Ak Constructionwokrs Limited,"285A LEA BRIDGE ROAD, LONDON",,ENGLAND,,
IN-00752,ERP_VENDORS,Barry Road Management Company Ltd.,"78C Barry Road, London",SE22 0HP,UK,,
IN-00753,CRM,Balloon-A-Licious Boutique Ltd.,"L J Rose Accounting 9 Park Lane Business Centre, Park Lane, Langham, Colchester",CO4 5WR,UNITED KINGDOM,,
IN-00754,WEB_FORM,Am Primoconstruction Ltd,"9 SPINNAKER CLOSE, BARKING",IG11 0GS,United Kingdom,,
IN-00755,ERP_VENDORS,BM COMBS LIMITED,"304A Lincoln Road, Peterborough",PE1 2PF,UK,,
IN-00756,CRM,Audio123 LTD,"UNIT 3A WING YIP CENTRE 278 THIMBLE MILL LANE, NECHELLS, BIRMINGHAM",B7 5HD,,,
IN-00757,WEB_FORM,Binghamlebrary Trust Limited,"Bingham House, Dyer Street, Cirencester",GL7 2PP,,,
IN-00758,CRM,Accuontability Aa1000 C.I.C.,"Dawson House 5 Jewry Street, Ste 305, London",EC3N 2EX,United Kingdom,,
IN-00759,CRM,BOOMWHOLEESALE LTD,"Suite 5, 1-2 Leonard Place, Westerham Road, Keston",BR2 6HQ,ENGLAND,,
IN-00760,ERP_VENDORS,ASSF LIMITED,"7 IDLE ROAD, BRADFORD",BD2 4QA,,,
IN-00761,WEB_FORM,Barcelo Hotels No 3 L.P.,15-17 Grosvenor Gardens,sw1 0bd,UK,,
IN-00762,ERP_VENDORS,Agu Shock Ltd.,"1A DRONFIELD STREET, LEICESTER",LE5 5AU,United Kingdom,,
IN-00763,ERP_VENDORS,ALLEGRO INDDUSTRIALPLANNING,"suite a, mildenhall",ip28 7de,UK,,
IN-00764,CRM,AB SOLUTIONSELECTRICAL LIMITED,"1A Garston Drive, Watford",WD25 9LB,UK,,
IN-00765,CRM,AM BUSINESS SOLUTIONS Ltd.,"The Whitehouse, Greenall'S Avenue, Warrington",WA4 6HL,United Kingdom,,
IN-00766,CRM,AUTO FINANCE TECH LIMITED,"Unity Ho, Stockport",SK30UX,GB,,
IN-00767,WEB_FORM,AGNI PROPERTYGRP Ltd,"8 Barnhill Grove, Littleover, Derby DE23 3XS",,UK,,
IN-00768,WEB_FORM,BOLDERWOODSOLNS LIMITED,"Market House, 21 Lenten Street, Alton",GU34 1HG,GB,,
IN-00769,ERP_VENDORS,76 Wheeleys Road Management Ltd,"Flat 3, 76 Wheeleys Rd, Birmingham,, Birmingham",B152LN,United Kingdom,www.76wheeleysroadmanagement.co.uk,GB438127114
IN-00770,ERP_VENDORS,Bedford Accumulator Company Limited,"18/19 Salmon Fields, Bus. Village, Royton",OL2 6HT,,,
IN-00771,CRM,Boundarycourt Mgmt (Epping) Limited,"14 HEMNALL STREET, EPPING",CM16 4LW,United Kingdom,,
IN-00772,WEB_FORM,1 Stanton Road Limited,"1 Stanton Rd, London",sw20 8rl,,,
IN-00773,WEB_FORM,Brickbuilder999 Limited,"110 Ardleigh Green Road, Hornchurch",RM11 2SH,United Kingdom,,
IN-00774,WEB_FORM,ARGYLL FAST FOOD LTD,Unit 3/4,G50YD,,,
IN-00775,WEB_FORM,ALMOND TREE CAFE LTD,"Unit 4 Ffordd Richard Davies, St. Asaph Bus. Park",LL170LJ,United Kingdom,,
IN-00776,CRM,BRICKYARD COMMRECIAL Ltd.,"Brickyard Ind. Est. Southwood, Shepton Mallet",BA46LX,,,
IN-00777,CRM,97 Strawberry Vale,,,UK,,GB 123 2201 28
IN-00778,ERP_VENDORS,Alphas Swimschool,"Chester Ho Lloyd Dr, Cheshire Oaks Bus. Park, Ellesmere Port, Cheshire",CH65 9HQ,UK,,
IN-00779,ERP_VENDORS,Barview Logistics Ltd.,"Office 5, Sycamore Trading Estate, Blackpool",FY4 3RL,UNITED KINGDOM,,
IN-00780,CRM,Arkk Enterprises Limited,"65 Denecroft Crescent, Uxbridge",UB109HY,UK,,
IN-00781,CRM,BOROHAYES AMENITY COMPANY,"35 Forder Meadow Forder Meadow, Moretonhampstead, Newton Abbot",TQ13 8JB,United Kingdom,www.borohayesamenity.co.uk,
IN-00782,CRM,AUFGABE SERVICES LIMITED,"C/O Aardvark Accounting 1 Cedar Office Park, Wimborne BH21 7SB",,United Kingdom,,
IN-00783,CRM,Bridgepoint Private Equity Limited Company,"5 Marble Arch, London",W1H 7EJ,United Kingdom,,
IN-00784,WEB_FORM,AEM HOLDINGSGRP LTD,"Apartment 17 Dove House, 3 Wallingford Way, Maidenhead",SL6 1GQ,,www.aemholdingsgroup.co.uk,
IN-00785,ERP_VENDORS,Bnza Group Ltd.,"128 City Rd, London",EC1V2NX,UK,,
IN-00786,ERP_VENDORS,A & I Growth Ltd,"201 balsall heath, birmingham",B12 9AF,GB,,
IN-00787,WEB_FORM,A.T.C. Design And Build,"DRAYTON LODGE, BRIMFIELD, LUDLOW",SY8 4NX,UK,,GB 115314448
IN-00788,ERP_VENDORS,Abberton Manor Sales Ltd,"STANDARD BANK HOUSE, 47-49 LA MOTTE STREET, ST. HELIER",JE2 4SZ,JERSEY,,
IN-00789,WEB_FORM,Betayo Ltd.,unit 711 gnd floor capital ho,E81LL,UNITED KINGDOM,,
IN-00790,CRM,Allstar Services,"25 FORWARD DRIVE, CHRIST CHURCH INDUSTRIAL CENTRE, HARROW",HA3 8NT,United Kingdom,,
IN-00791,WEB_FORM,BIRD WELLBEING LTD,"5 ashling cl, bournemouth",BH8 9JD,,,
IN-00792,ERP_VENDORS,AZTS (MCC) LIMITED,"5TH FLOOR 16 GREAT QUEEN STREET, COVENT GARDEN, LONDON",WC2B 5DG,UK,,
IN-00793,ERP_VENDORS,"Arminius Real Estate Opportunity Fund Ii, L.P.",,,,,GB 274624400
IN-00794,CRM,3GROUP FESTA LLP,"128 City Road, London",EC1V 2NX,UK,,
IN-00795,WEB_FORM,Blossoms Deli Haydock LIMITED,"310 Clipsley Lane, Haydock, St. Helens",WA11 0JQ,ENGLAND,,
IN-00796,CRM,Ai Trade Solutions,"15 HUNT ROAD, HIGH WYCOMBE",HP13 7RE,ENGLAND,,
IN-00797,WEB_FORM,Blue Vapes Angles LIMITED,"134 WHITHAM ROAD, SHEFFIELD",S10 2SR,United Kingdom,,
IN-00798,ERP_VENDORS,49 NORTONROAD RTM COMPANY LTD,"148 Portland Road, Hove",BN3 5QL,ENGLAND,,
IN-00799,ERP_VENDORS,Big Oak (Kent) Ltd.,"C/O Axis Travel Marketing Ltd, Riverside House, River Lawn Road",TN9 1EP,,,
IN-00800,ERP_VENDORS,Bear Pictures,,,United Kingdom,,gb 006037507
IN-00801,ERP_VENDORS,Ajc Homes,,,United Kingdom,https://www.ajchomes.com/,
IN-00802,ERP_VENDORS,BLURPPX LTD,"SUITE 10434 5 BRAYFORD SQUARE, LONDON",E1 0SG,GB,,
IN-00803,WEB_FORM,BONZAICOMUNICATIONS Ltd,"2 Toomers Wharf, Canal Walk, Newbury RG14 1DY",,UK,,
IN-00804,CRM,ALTA VISTA CONSILTING LIMITED,"Hawbush House, Mill Lane, Braintree",CM77 8NX,UNITED KINGDOM,,
IN-00805,WEB_FORM,Barbers Shropshire Ltd,"Newport House, Newport Road, Stafford",ST16 1DA,UK,,
IN-00806,CRM,ASB GROUP HOLDINGS Ltd.,"97 CARLTON AVENUE EAST, WEMBLEY",HA9 8LZ,UK,,
IN-00807,WEB_FORM,Bath Social & Development Research Limited,"39 Apsley Rd, Bath BA1 3LP",,,,
IN-00808,WEB_FORM,ANDERSON PROPERTY DEVELOPMENTS LIMITED,1St Floor,E2 9HE,GB,,
IN-00809,CRM,Alliis Investments Limited,"OLD CANDLEMAKERS, WEST ST, LEWES",BN7 2NZ,United Kingdom,,
IN-00810,ERP_VENDORS,237 & 239 MERSHAMROAD RTM COMPANY LIMITED,237 Mersham Rd,cr7 8nw,UK,,
IN-00811,ERP_VENDORS,Balloon-A-Licious Boutique LIMITED,"L J ROSE ACCOUNTING 9 PARK LANE BUSINESS CENTRE, PARK LANE, LANGHAM, COLCHESTER",CO4 5WR,GB,,
IN-00812,CRM,BEAANASH LIMITED,"1 CHARTERHOUSE MEWS, LONDON",EC1M 6BB,GB,,
IN-00813,ERP_VENDORS,2 AND 4 WHEEL MOTORSPORT LIMITED,"95 Shore Rd, Greenisland, Carrickfergus BT38 8TZ",,UK,www.2and4wheelmotorsport.uk,GB563380200
IN-00814,WEB_FORM,ALLPENBERG LP,"39/5 Granton Crescent, Edinburgh",EH5 1BN,,,
IN-00815,WEB_FORM,Atelier Aesthetics Group Limited,"10 Beech Ct, Wokingham Rd, Hurst RG10 0RQ",,UK,,
IN-00816,CRM,Bailie Group Property Ltd.,"THE BAIRD GROUP LTD, CAULSIDE DRIVE, ANTRIM",BT41 2RS,GB,,
IN-00817,WEB_FORM,BEAUTY AND THE BALANCE LTD,"128 City Rd, London",EC1V2NX,GB,,
IN-00818,ERP_VENDORS,114 St Martin'S Lane,"114 St Martin'S Lane, London",WC2N 4BE,UK,,GB 468797878
IN-00819,WEB_FORM,Brighton Court (Freehold),"322 UPPER RICHMOND ROAD, LONDON",SW15 6TL,GB,,
IN-00820,ERP_VENDORS,Alfalah Community Support Centre,,,,shop.alfalahcommunitysupportcentre.com,
IN-00821,CRM,ABERDEENAUTOMOTIVE LIMITED,"FARBURN HOUSE FARBURN TERRACE, DYCE, ABERDEEN",AB21 7DT,SCOTLAND,,
IN-00822,WEB_FORM,Brownning Pfi Holdings 2014 LTD,"Alder Castle, 10 Noble St, London",EC2V 7JX,UK,,
IN-00823,WEB_FORM,ASSESSMENT SOLUTIONS RISK LIMITED,"20 Jubilee Way, Pulborough",rh20 3nz,United Kingdom,,
IN-00824,ERP_VENDORS,BROOTHERTONS OF WOODSTOCK Ltd.,"Merton Ho, Kidlington",OX51PA,,,
IN-00825,CRM,Borehamwood Propco Ltd,"5 Beaumont Gate, Shenley Hill, Radlett",WD7 7AR,GB,www.borehamwoodpropco.com,
IN-00826,CRM,AvantÉ Svs Ltd,"6 ACORN LANE, GREAT GLEN, LEICESTER",LE8 9HR,UK,,
IN-00827,CRM,Assured Guaranty Finance Overseas,"11TH FLOOR, 6 BEVIS MARKS, LONDON",EC3A 7BA,GB,https://www.assuredguarantyfinanceoverseas.uk/,
IN-00828,ERP_VENDORS,116 Cs Ltd,"C/O Virtual Company Secretary Ltd, Woking",GU227XH,ENGLAND,,
IN-00829,WEB_FORM,Aa Engineers And Surveors Ltd,"38 STATION ROAD, NORTH HARROW, HARROW",HA2 7SE,,,
IN-00830,WEB_FORM,B.D.S. MOTORS Limited Company,"Unit 11 Wesley Drive, Benton Square Industrial Estate, Newcastle Upon Tyne",NE12 9UP,,,
IN-00831,WEB_FORM,ACTIVE FUTURE SUTTON CIC,"19A Norbury Ave, Thornton Heath CR7 8AH",,GB,,
IN-00832,ERP_VENDORS,Banogrsecurities Limited,"SUITE 7, 342, GREAT CHEETHAM STREET EAST, SALFORD",M7 4UJ,,,
IN-00833,CRM,Black Opal Studios,"Indigo Studios, Kettleburgh Road, Woodbridge",IP13 9SD,GB,https://blackopalstudios.co.uk/about,
IN-00834,ERP_VENDORS,African Crossing,"119 EDENBRIDGE ROAD, ENFIELD",EN1 2HU,UK,africancrossing.com,
IN-00835,ERP_VENDORS,Abbey Woods Management Company,,,UK,https://www.abbeywoodsmanagement.co.uk/,
IN-00836,ERP_VENDORS,AF UK CORBY LIMITED,"Victoria Ho, 50-58 Victoria Rd, Farnborough GU14 7PG",,United Kingdom,,
IN-00837,CRM,Bizzloc,"THE PICASSO BUILDING, CALDERVALE ROAD, WAKEFIELD",WF1 5PF,UK,info@bizzloc.com,
IN-00838,CRM,131 St Johns Hill (Cjv),,,UNITED KINGDOM,https://www.131stjohnshillcjv.com/,
IN-00839,CRM,3DS FUIT & VEG INTL LIMITED,"60 victoria ave, london E6 1EY",,GB,,
IN-00840,ERP_VENDORS,Bericote Developments Limited,"Yotta Ho, Leamington Spa",CV32 4LY,United Kingdom,,
IN-00841,ERP_VENDORS,ASHBOURNE (BARBICAN) MANAGEMENT LIMITED,Office 25 Genesis Building,PL13HN,,,
IN-00842,ERP_VENDORS,Bnu Treders,"36 east grove, manchester",M13 0BA,UK,,
IN-00843,WEB_FORM,Blueocean Fin-Tech Limited Company,61 Bridge St,HR53DJ,,,
IN-00844,ERP_VENDORS,Aaa Residential Properties,,,GB,,467 7257 36
IN-00845,CRM,Blink Design (Uk),"Carpenter Box Piper House, 4 Dukes Court, Bognor Road, Chichester",,UK,,GB 429 9978 81
IN-00846,CRM,Bath Road Homes,"C/O GOLDWINS, 75 MAYGROVE ROAD, LONDON",NW6 2EG,,,694 8598 05
IN-00847,WEB_FORM,1LIFE MANAGEMENT SOLUTIONS Ltd.,"THE STABLES, DUXBURY PARK, DUXBURY HALL ROAD, CHORLEY",PR7 4AT,,,
IN-00848,ERP_VENDORS,52 GOLDHRSTTERRACE Limited Company,"52d goldhurst terrace, 52d goldhurst terrace",NW6 3HT,UK,,
IN-00849,WEB_FORM,ARDIAN DIRECT ASIA III L.P. Ltd,"50 Lothian Road, Festival Square, Edinburgh",EH3 9WJ,,,
IN-00850,WEB_FORM,Browns Taxation & Accountuncygroup LIMITED,"Browns Accountancy & Taxation 2 Lords Ct, Basildon",SS131SS,UK,,
IN-00851,CRM,1111 CLARANDON W COLCHESTER (LEASECO) LIMITED,"Unit A, Brook Park East, Shirebrook",NG20 8RY,,,
IN-00852,ERP_VENDORS,Abercaldy Pirtfolionominees 2 Ltd,"1St Floor Rico Ho, George St, Prestwich",M259WS,GB,,
IN-00853,CRM,Brauerei Schwarzes Fenn GmbH,"29B North Street, Burwell",CB25 0BA,Vereinigtes Königreich,,
IN-00854,ERP_VENDORS,Asklipeioos Limited,queen st chambers,S11WR,,,
IN-00855,CRM,Atg Motors,,,UK,https://atgmotors.com/about,
IN-00856,WEB_FORM,AUDACIOUS FOUNDATION Ltd,"AUDACIOUS FOUNDATION UNIT 6 DEVA CENTRE, TRINITY WAY, MANCHESTER",M3 7BB,ENGLAND,,
IN-00857,WEB_FORM,ADVANCED DISTRIBUTIONLGOISTICS LIMITED,"ALPHA 6, MASTERLORD OFFICE VILLAGE WEST ROAD, RANSOMES EUROPARK, IPSWICH",IP3 9SX,GB,,
IN-00858,ERP_VENDORS,BLAKPOOLPROMOTIONS (USA) Ltd.,"C/O Mclaughlin Crolla Llp, Edinburgh",EH2 1EE,SCOTLAND,,
IN-00859,ERP_VENDORS,Alphsaol Limited,"651 MAULDETH ROAD WEST MAULDETH ROAD WEST, CHORLTON CUM HARDY, MANCHESTER",M21 7SA,GB,,
IN-00860,ERP_VENDORS,ANDY'S IMPORTS LIMITED,"9a bellrope ln, wymondham, norfolk NR18 0QX",,United Kingdom,,
IN-00861,WEB_FORM,Boilergurus Installations,,,UNITED KINGDOM,,GB 054 7629 70
IN-00862,ERP_VENDORS,Ae43 Limited,"253 alcester rd south, birmingham",B146DT,UNITED KINGDOM,,
IN-00863,CRM,Ashtree Partners L.L.P.,"Gnd Floor, Techno Centre, Station Rd, Horsforth",LS185BJ,United Kingdom,,
IN-00864,CRM,Bickertonconsultancy Ltd.,"22 the hazels, blackburn",BB19HZ,UK,,
IN-00865,WEB_FORM,AVICA SOLUTIONS LTD,20 Standon Dr,s9 1pl,ENGLAND,,
IN-00866,CRM,AMSELINVESTMENTS LIMITED,"5 AVRO COURT, ERMINE BUSINESS PARK, HUNTINGDON",PE29 6XS,UK,,
IN-00867,CRM,Air Sea 1 Limited,"Springfield Ho, 23 Oatlands Dr, Weybridge",KT13 9LZ,UK,,
IN-00868,CRM,BIG DIGITLA FISH LTD,"20-22 Wenlock Road, London",N1 7GU,ENGLAND,,
IN-00869,CRM,B.L.C.T. (PHC 15C) LIMITED,"47 ESPLANADE, ST. HELIER",JE1 0BD,UK,,
IN-00870,WEB_FORM,Amir Travel,"408 Edgware Road, London",W2 1ED,,,501345720
IN-00871,CRM,BEN SCA WIND FARM LIMITED,"1St Floor,, Edinburgh",EH3 9BY,United Kingdom,,
IN-00872,CRM,BLUEGENE BIOTECHNOLOGY LTD,"11402157 - companies ho default address, cardiff",CF148LH,UK,,
IN-00873,ERP_VENDORS,Boxexo Creative Ltd,"office 403, screenworks, london",N5 2ER,GB,,
IN-00874,WEB_FORM,ARSEPLATES LTD,"4 SUMMER STREET, SLIP END, LUTON",LU1 4BN,United Kingdom,,
IN-00875,WEB_FORM,Black Cat Visuals Limited,"83B Queens Avenue, London",N20 0JB,GB,,
IN-00876,CRM,AL2BUILDER LTD,51 Voyager Ho,SW113GS,UK,,
IN-00877,CRM,ALPHAFLTA ROOFING Ltd.,"115 high st, cambridge",CB19LU,UK,,
IN-00878,ERP_VENDORS,Advancedasset Consultants Limited,"Tay House (Spaces) 300 Bath Street, Bath Street, Glasgow",G2 4JR,UK,,
IN-00879,WEB_FORM,2Pm Talent,,,United Kingdom,info@2pmtalent.com,
IN-00880,CRM,Aa Events And Travel,"8 SPUR ROAD, COSHAM, PORTSMOUTH",PO6 3EB,,WWW.AAEVENTSANDTRAVEL.CO.UK,
IN-00881,CRM,Brazil & Co (Steel),"61 BRIDGE STREET, KINGTON",HR5 3DJ,UK,info@brazilandsteel.com,
IN-00882,CRM,AMHARJ LTD,"13 Greencroft Rd, Hounslow",TW5 0BQ,GB,,
IN-00883,CRM,72 Bridport Palce Mgmt Ltd.,"office b, west gainsborough, london N1 5EA",,UK,,
IN-00884,WEB_FORM,Ben Griffiths Farriers LTD,"39 Grange Road, Darlington",DL1 5NB,ENGLAND,,
IN-00885,ERP_VENDORS,Access To Meicine Ltd,"179 LOMESHAYE BUSINESS VILLAGE, TURNER ROAD, NELSON",BB9 7DR,,,
IN-00886,WEB_FORM,Automatic Eye,"167-169 GREAT PORTLAND STREET, 5TH FLOOR, LONDON",W1W 5PF,GB,,GB 496572869
IN-00887,ERP_VENDORS,Ams Grp Uk Int,"291 Bawtry Rd, Doncaster",DN47NY,,,
IN-00888,CRM,BILIV CARE LIMITED,"8 grimshaw rd, birmingham B27 7SN",,ENGLAND,www.bilivcare.co.uk,
IN-00889,WEB_FORM,237 & 239 Mersham Road Rtm Company Ltd.,"237 Mersham Road, Thornton Heath",CR7 8NW,UK,,
IN-00890,ERP_VENDORS,BAYFORD ROAD Ltd.,"Lynnem House, 1 Victoria Way, Burgess Hill",,,,
IN-00891,WEB_FORM,Ball Mgmt Ltd.,"c/o venture finance management, suite 101, liverpool",l3 9lq,ENGLAND,,
IN-00892,ERP_VENDORS,BEDROOMOWRKS LIMITED,"2 Westella Way, Kirkella, Hull",HU10 7LW,,,
IN-00893,WEB_FORM,B.P.S. PLASTICS Limited Company,"19 DIAMOND COURT OPAL DRIVE, FOX MILNE, MILTON KEYNES",MK15 0DU,GB,,
IN-00894,ERP_VENDORS,AK CONSTRUCTION WORKS LIMITED,"285a lea bridge rd, london E10 7NE",,ENGLAND,,
IN-00895,ERP_VENDORS,AJA RESADENTIAL LTD,"C/O Kdl Accountants, 1F Pembroke House,, 5-9 Pembroke Road,, Ruislip,",,United Kingdom,,
IN-00896,WEB_FORM,Breathbio Bidco Ltd,"Bedfont Scientific Limited Station Yard, Station Road, Harrietsham",ME17 1JA,United Kingdom,www.breathbiobidco.uk,
IN-00897,CRM,Geavanceerde Dakbedekking en Dakgoten B.V.,"Tresco, Trench Lock, Telford",TF1 5SU,Verenigd Koninkrijk,,
IN-00898,ERP_VENDORS,Blu Maintenanca & Logistics Limited,"12 FLORIN DRIVE, BOSTON",PE21 7LU,GB,,
IN-00899,ERP_VENDORS,ARBUTHNOT PROPERTIES LIMITED,"vistra corporate services centre, wickhams cay ii, tortola",VG1110,United Kingdom,,GB503276425
IN-00900,CRM,BIOFILM REMOVER,"BELMONT SUITE PARAGON BUSINESS PARK, CHORLEY NEW ROAD, HORWICH, BOLTON",BL6 6HG,ENGLAND,,
IN-00901,WEB_FORM,Ajb Care And Safeguarding Consultancy Ltd,37-39 Westgate,YO7 1QR,GB,,
IN-00902,CRM,Arcamry Ltd.,"36 ROBERTSON WAY, CALLANDER",FK17 8JF,,,
IN-00903,ERP_VENDORS,Bill'S Enterprises Midlands,,,United Kingdom,,GB 818 8986 47
IN-00904,CRM,ATTALAND 147 Ltd.,"169 Windsor Rd, Hull",HU5 4HG,UK,,
IN-00905,CRM,AMJADSOLUTION LIMITED,"Office 6164 58 Peregrine Road, Hainault, Ilford",IG6 3SZ,GB,,
IN-00906,ERP_VENDORS,Billectrics Limited Company,"1 three tees, maidstone",ME15 8RG,GB,,
IN-00907,ERP_VENDORS,Amshire Solutions,"Amshire House, 4 Oak Green, Stanley Green Business Park, Cheadle Hulme",SK8 6QL,,,GB 113935597
IN-00908,ERP_VENDORS,Alphasupport Services Limited,"18 Dearlove Road, Burton Latimer, Kettering",,,,
IN-00909,CRM,AMANDA GUNN FILMEDITING Ltd,"Unit 2, Beverley Ct, 26 Elmtree Rd, Teddington TW11 8ST",,,,
IN-00910,WEB_FORM,AL AYUUNIDEVELOPMENT LTD,"34 Ombersley Road, Bedford",MK42 9JX,United Kingdom,,
IN-00911,ERP_VENDORS,Beatriceshliling Ltd,"187 BAKER STREET, ENFIELD",EN1 3JT,United Kingdom,www.beatriceshilling.co.uk,
IN-00912,CRM,Bluebird Towerproperties Limited,"113 ROMFORD ROAD, LONDON",E15 4LY,ENGLAND,,
IN-00913,ERP_VENDORS,AM:PM (UK) Ltd,"Unit 6 Woodstock Way, Thirsk Industrial Park, Thirsk",YO7 3TF,UK,,
IN-00914,CRM,Ad3 Healthcare Ltd,"29 Riverwell, Northampton NN3 5EG",,GB,,
IN-00915,ERP_VENDORS,AMELIA HUNT Ltd.,"Newton Heath Liberty Road, Newtown, Fareham",PO17 6LD,GB,,
IN-00916,ERP_VENDORS,Alfalahcommunity Support Centre,"89 Tindal Street, Birmingham, Birmingham",,,,
IN-00917,WEB_FORM,BECKYMUNN,"andon freres, cavendish ho, leeds",LS31JY,ENGLAND,,
IN-00918,WEB_FORM,24-7 365 Elecservices Limited,"68 GARTHDEE ROAD, ABERDEEN",,SCOTLAND,,
IN-00919,WEB_FORM,APOLLO TYRES LTD,"21b coventry st, coventry",CV2 4NA,UNITED KINGDOM,,
IN-00920,CRM,Bhm Building Services Ltd.,"UNIT 12 WESTLINK CUPERNHAM LANE, BELBINS BUSINESS PARK, ROMSEY",SO51 7JF,GB,,
IN-00921,WEB_FORM,Amanda Rockley Esmt Ltd,"Kma Chartered Management Accountants, 28 West Street, Dunstable",LU6 1TA,,,
IN-00922,WEB_FORM,Bookpoint Invetsments,"43 filey ave, london N16 6JL",,United Kingdom,,
IN-00923,CRM,Abigail Owen Architects Limited,"4 Mount Way, Waverton, Chester CH3 7QF",,UK,,
IN-00924,WEB_FORM,ALNOOR APPAREL Ltd.,"SUITE 516, 61 BRIDGE STREET, KINGTON",HR5 3DJ,,,
IN-00925,CRM,7 Steeel (Uk) LTD,"Building 58, Cardiff",CF245NN,UK,,
IN-00926,WEB_FORM,BLAKKK Limited Company,"Demar Ho 14 Church Rd, East Wittering PO20 8PS",,UK,,
IN-00927,CRM,Bomo Cottages,"9 Rose Hill, Beaumaris",LL58 8EN,GB,,431 7551 25
IN-00928,WEB_FORM,AIRRIES CONSTRUCTION & ENGINEERING LTD,"BRAMHALL HOUSE 14 ACK LANE EAST, BRAMHALL, STOCKPORT",,ENGLAND,,
IN-00929,ERP_VENDORS,BROUGHTON HOUSE MANAGEMENT CUMPANY,"Old Linen Ct, 83-85 Shambles St S70 2SB",,,,
IN-00930,WEB_FORM,BNE BRICKWORK LTD,13 west ave,CF83 2SF,United Kingdom,,
IN-00931,CRM,BAR BECE Ltd,"Rhosfach, Efailwen, Clynderwen",SA66 7XG,GB,,
IN-00932,CRM,All Mad Here Theatre LIMITED,"80 Coleman Street, London",EC2R 5BJ,GB,,
IN-00933,WEB_FORM,121 Abundant Laerning LIMITED,"3rd floor, 86-90, paul st",EC2A 4NE,UK,,
IN-00934,WEB_FORM,Altushomes Limited,"132 WIDNEY LANE, SOLIHULL, WEST MIDLANDS",B91 3LH,UK,,
IN-00935,CRM,Aksharam,,,UNITED KINGDOM,shop.aksharam.co.uk,
IN-00936,WEB_FORM,Booldbay Pvt Ltd,"28 CALVERLEY MOOR AVENUE, PUDSEY",LS28 8EL,UK,,
IN-00937,ERP_VENDORS,AJ STADIOS MCR LTD,"12 Briscoe Walk, Middleton, Manchester",M24 4LG,United Kingdom,,
IN-00938,CRM,BERKSHIRE DENTAL SUITE Ltd,"CORNWALL HOUSE, 55-57 HIGH STREET, SLOUGH",SL1 1DZ,UK,,
IN-00939,WEB_FORM,ARMAIL LTD,"10 LEICESTER WAY, EAGLESCLIFFE, STOCKTON-ON-TEES",TS16 0LP,ENGLAND,www.aramil.co.uk,
IN-00940,CRM,300 YARDS OF FILM Limited,"17 West End West End, Exton, Oakham",LE15 8BD,,,
IN-00941,CRM,Audio Outsider,"38 Nuxley Road, Belvedere",DA17 5JG,ENGLAND,info@audiooutsider.co.uk,
IN-00942,WEB_FORM,Bnp Paribas Trust Corporation Uk Limited,10 Harewood Ave NW1 6AA,,ENGLAND,,
IN-00943,CRM,"Bbury Natural Food U.K. Co., Ltd","DEPT 111 196 HIGH ROAD, WOOD GREEN, LONDON",N22 8HH,,,
IN-00944,ERP_VENDORS,Armmourbuilding Maintenance,"unit c10 basepoint 110 butterfield, luton",lu2 8dl,UK,,
IN-00945,CRM,All Tea,,,UK,,702018071
IN-00946,ERP_VENDORS,Aathira Trading Ltd.,"6 FALCONWOOD PARADE, WELLING",DA16 2PL,GB,,
IN-00947,WEB_FORM,Beck View Property LIMITED,"BECK VIEW, ARTHINGTON LANE, POOL IN WHARFEDALE",LS21 1JZ,,,
IN-00948,WEB_FORM,AVICASOLNS LTD,"20 Standon Drive, Sheffield",S9 1PL,GB,,
IN-00949,CRM,638 HEREFOORD Ltd,"2 Foley St, Hereford HR1 2SG",,United Kingdom,,
IN-00950,CRM,AUROUS PIZZA HODLINGS LIMITED,"HASLERS HAWKE HOUSE, OLD STATION ROAD, LOUGHTON",IG10 4PL,United Kingdom,,
IN-00951,WEB_FORM,BRIXTON ASSESSMENTSERVICES LIMITED,"128 City Road, London",,GB,,
IN-00952,CRM,A Meanclean Limited,"106 Fordbridge Rd, Ashford",TW153RU,,,
IN-00953,CRM,Aeonian Foods LTD,"GROUND FLOOR OAKHURST HOUSE, 77 MOUNT EPHRAIM, TUNBRIDGE WELLS",TN4 8BS,GB,,
IN-00954,WEB_FORM,0LAX Limited,"9 SOMERSET GROVE, WARFIELD, BRACKNELL",RG42 3TN,GB,,
IN-00955,CRM,Bio Management Group Lp,"69 Brunswick Street, Edinburgh",EH7 5HT,,https://www.biomanagementgroup.co.uk/,
IN-00956,WEB_FORM,ANR MANUUFACTURING LTD,"harben ho harben parade, finchley rd, london NW3 6LH",,GB,,
IN-00957,ERP_VENDORS,Alex Corradi Consulting Limited,"17 Solna Rd, London",N212JS,GB,,
IN-00958,CRM,Adkin Mechanical,,,,,494131190
IN-00959,CRM,Apctfb,,,,apctfb.uk,
IN-00960,ERP_VENDORS,ARGYLL LAGER Ltd,"9A MILLPARK TERRACE, SOROBA ROAD, OBAN",PA34 4JH,SCOTLAND,,
IN-00961,WEB_FORM,0800 Help,"4 Little Orchard, Woking",GU21 4HG,United Kingdom,info@0800help.com,
IN-00962,CRM,Biskitt,"10 MUIR ROAD, MAIDSTONE",ME15 6PX,GB,,974 7932 71
IN-00963,ERP_VENDORS,Blackheath Village Community,,,,,GB-330-0707-38
IN-00964,WEB_FORM,Andre Tennis,"286B Chase Road, London",N14 6HF,GB,http://andretennis.co.uk/contact-us,
IN-00965,CRM,Bigg B Hldgs Ltd,"5 Main Street, Fulford, York",YO10 4HJ,UK,,
IN-00966,CRM,Bradley Mayo Limited,Unit F Whiteacres LE8 6ZG,,GB,,
IN-00967,WEB_FORM,Benedictus Limited,"162 Coltman St, Hull HU3 2SQ",,ENGLAND,,
IN-00968,CRM,Begs Sw17 LIMITED,"Unit 2 Tooting Market, London",SW178TA,GB,,
IN-00969,ERP_VENDORS,Andretenins Ltd,"286B Chase Road, London",N14 6HF,ENGLAND,,
IN-00970,WEB_FORM,BRADBURY PROPERTY DEVS LTD,"53 MILTON HALL ROAD, GRAVESEND",DA12 1QN,UNITED KINGDOM,,
IN-00971,ERP_VENDORS,Abbeymill Estates,"4 OSIER WAY, OLNEY",MK46 5FP,United Kingdom,shop.abbeymillestates.co.uk,
IN-00972,CRM,A D T Plumbing & Heating  Limited,"57 Merestones Dr, Cheltenham, Gloucestershire GL50 2SU",,,,
IN-00973,ERP_VENDORS,BLAKKK Ltd,"Demar Ho 14 Church Rd, East Wittering, Chichester PO20 8PS",,GB,,
IN-00974,WEB_FORM,21 Colehill Lanemanagement Company LTD,harben ho harben parade NW3 6LH,,UK,,
IN-00975,CRM,A&R TRDAERS LTD,"34 BODEN ROAD, BIRMINGHAM",B28 9DJ,United Kingdom,,
IN-00976,WEB_FORM,50 Westminster Way (Oxford) Ltd.,"50 WESTMINSTER WAY, OXFORD, OXFORDSHIRE",OX2 0LW,United Kingdom,,
IN-00977,ERP_VENDORS,Bretts At No. 42,"BRETTS AT NO. 42 42 ING HEAD TERRACE, SHELF, HALIFAX",HX3 7LB,GB,,
IN-00978,ERP_VENDORS,Angel Apparel Garments,"2Nd Floor College House, 17 King Edwards Road, Ruislip",HA4 7AE,UK,,
IN-00979,WEB_FORM,Alexander David,,,United Kingdom,info@alexanderdavid.co.uk,
IN-00980,WEB_FORM,14 York Avenue Management Limited,"14 York Ave, Hove, East Sussex",BN3 1PH,,,
IN-00981,ERP_VENDORS,BIONIC PRODUCTIONS Ltd.,"22 WYCOMBE END, BEACONSFIELD",HP9 1NB,UK,,
IN-00982,ERP_VENDORS,Blue Point Yachting,,,GB,,GB 930612230
IN-00983,CRM,AMHHURST FF LTD,"6 Grosvenor Way, London",E5 9ND,UNITED KINGDOM,,
IN-00984,WEB_FORM,Bhanuyikos Car Wash Ltd,"UNIT 10, 3, WEDMORE STREET, LONDON",N19 4RU,UK,,
IN-00985,WEB_FORM,A.G. Barr General Partner Limited,"Westfield Ho 4 Mollins Rd, Cumbernauld, Glasgow G68 9HD",,UK,,
IN-00986,WEB_FORM,BOOND AND GRAFTON LTD,"20-22 WENLOCK ROAD, LONDON",N1 7GU,GB,,
IN-00987,CRM,Bek Sourdoughbakiry Ltd,"11 St. Davids Cul De Sac, Botley",SO32 2SN,GB,,
IN-00988,CRM,Avenue Building Company,,,ENGLAND,shop.avenuebuilding.co.uk,
IN-00989,CRM,97 Strawberryvale Limited,"97 STRAWBERRY VALE, TWICKENHAM",TW1 4SJ,,,
IN-00990,WEB_FORM,Abco Electrical Distributors,"19 WEST WAY, BROADSTONE",BH18 9LW,UK,info@abcoelectricaldistributors.uk,
IN-00991,CRM,Billdor,"26 Alice Gardens, Rochford",SS4 1YD,GB,https://www.billdor.com/,
IN-00992,WEB_FORM,1St Industrial Holdings,"UNIT D VICARAGE LANE, HOO, ROCHESTER",ME3 9LB,UK,www.1stindustrialholdings.uk,GB138743960
IN-00993,ERP_VENDORS,Acadmy Buildingcontractors Limited,"Unit 6 Quebec Wharf, 14 Thomas Road Limehouse, London",E14 7AF,United Kingdom,,
IN-00994,WEB_FORM,Azteca Chelsea,,,GB,https://aztecachelsea.com/about,
IN-00995,ERP_VENDORS,BRIDGEPOINT PRIVATE EQUITY Ltd,"5 Marble Arch, London",W1H 7EJ,,www.bridgepointprivateequity.co.uk,GB674385066
IN-00996,CRM,Aquadove,"31 MERRYFIELD ROAD, DUDLEY, WEST MIDLANDS",DY1 2NA,United Kingdom,,GB 456229701
IN-00997,CRM,Broadwick Systoms,"71-75 shelton st, london",WC2H 9JQ,,,
IN-00998,WEB_FORM,BP RIGINGACADEMY LIMITED,"1 albert st, loughborough",LE112DW,GB,,
IN-00999,ERP_VENDORS,Browning Pfi Holdings 2014 Limited,"Alder Castle, London EC2V 7JX",,UNITED KINGDOM,,
IN-01000,ERP_VENDORS,Ams Group Uk Int,"291 BAWTRY ROAD, DONCASTER",,GB,,610 9822 49
IN-01001,WEB_FORM,Bizz21Academy,"8 KRITHIA ROAD, DAGENHAM",RM9 4BW,UK,,149187420
IN-01002,CRM,Balloons & More,"24 HIGH STREET, NEW BRADWELL, MILTON KEYNES",MK13 0BT,United Kingdom,https://www.balloonsandmore.co.uk/,
IN-01003,WEB_FORM,BLLECTRICS LTD,"1 Three Tees, Maidstone",me15 8rg,ENGLAND,,
IN-01004,ERP_VENDORS,Bauwelle,,,,https://www.bauwelle.co.uk/,
IN-01005,ERP_VENDORS,Animal Angels Inverclyde,,,GB,shop.animalangelsinverclyde.co.uk,
IN-01006,WEB_FORM,AM2026 LIMITED,"50 Princes Street, Ipswich",IP1 1RJ,UK,,GB282206465
IN-01007,WEB_FORM,Begum Ouidah LTD,"101 WYRLEY ROAD, WITTON, BIRMINGHAM",B6 7BT,UK,,
IN-01008,CRM,Best One Miin Market(Goole) Limited,"85 Pasture Road, Goole",DN14 6BP,UK,,
IN-01009,WEB_FORM,Alpine Sicherheitssysteme GmbH,"1 Holford Drive, Eccups Lane, Wilmslow",SK9 5PA,Vereinigtes Königreich,,
IN-01010,WEB_FORM,ARTCIS Limited,"suite 2/3 2nd floor, 48 west george st, glasgow",g2 1bp,,,
IN-01011,WEB_FORM,BIANNCO LIMITED,"373 CAMDEN ST, HOLLOWAY ROAD, LONDON",N7 0SH,UK,,
IN-01012,ERP_VENDORS,Ashco International Limited,"Bury Lodge, Stowmarket",IP141JA,United Kingdom,,
IN-01013,CRM,Advantage Sprts Consulting Ltd,"12 MARCH PINES, EDINBURGH",EH4 3PF,United Kingdom,,
IN-01014,WEB_FORM,BLAZIN BURGERS UK,"Greencoat House 2Nd Floor,, 261 - 271 Stratford Road, Birmingham",B11 1QS,United Kingdom,,
IN-01015,ERP_VENDORS,BREESE LIMITED,"36 Southchurch Road, Southend-On-Sea",SS1 2ND,,,
IN-01016,WEB_FORM,BELMONTWEST LIMITED,"1ST FLOOR STUDIO 2, 150 HOLYWOOD ROAD, BELFAST",BT4 1NY,,,
IN-01017,ERP_VENDORS,All Electrics Wirral Limited,"1 Tring Cl, Upton Wirral, Cheshire",CH494WT,,,
IN-01018,ERP_VENDORS,3RIPPLEKING INT'L UK Limited,"19 Nairn Street, London",E14 0LQ,ENGLAND,,
IN-01019,ERP_VENDORS,A Walters & Sons Ltd.,"4 Netherwood Court, Allestree, Derby",DE22 2NU,UNITED KINGDOM,,
IN-01020,WEB_FORM,4 EFFIE ROAD SW6 (O&D LONDON) LIMITED,"holland ho, 6 church st TW7 6XB",,GB,,
IN-01021,ERP_VENDORS,Acuduta Limited Company,"71-75 Shelton St, Covent Garden, London WC2H 9JQ",,UNITED KINGDOM,,
IN-01022,WEB_FORM,AYAMSI,"Ayamsi 124 City Road, City Road, London",EC1V 2NX,United Kingdom,,
IN-01023,CRM,Arbour Studio Limited,167-169 Great Portland St W1W 5PF,,UK,,
IN-01024,ERP_VENDORS,BARGAIN WORLD LIVERPOOL LTD,"70 Speke Rd, Hunt'S Cross, Liverpool",L25 0NW,GB,,
IN-01025,WEB_FORM,BLACKLANE MINI MARKET LTD,"1 Plant Terrace, Hill Ln",m9 6ry,United Kingdom,,
IN-01026,ERP_VENDORS,Bengal Tiffin,"1-2 DRUIDS VIEW, BINGLEY",BD16 2DY,UK,shop.bengaltiffin.co.uk,
IN-01027,CRM,AEVA PROPERTIES,"71-75 SHELTON STREET, COVENT GARDEN, LONDON",WC2H 9JQ,United Kingdom,,
IN-01028,CRM,ALVERA GROUP LIMITED,"71 High Street, Kempston, Bedford",MK42 7BT,GB,,
IN-01029,CRM,Arbur,"213 LONDON ROAD, HADLEIGH, BENFLEET",SS7 2RD,,,197579019
IN-01030,WEB_FORM,3 DISTRUBUTION LIMITED,"27-29 Old Market, Wisbech",PE13 1NE,UK,,
IN-01031,WEB_FORM,BIFFF CO LTD,"1St Floor, 73-81 Southwark Bridge Road, London",SE1 0NQ,ENGLAND,,
IN-01032,ERP_VENDORS,BOND & GRAFTON LTD,"20-22 Wenlock Rd, London",N1 7GU,United Kingdom,,
IN-01033,CRM,Anr Manufacturing Ltd,"HARBEN HOUSE HARBEN PARADE, FINCHLEY ROAD, LONDON",NW3 6LH,United Kingdom,,
IN-01034,ERP_VENDORS,Arv Club,"CORNERSTONE HOUSE MIDLAND WAY, THORNBURY, BRISTOL",BS35 2BS,ENGLAND,http://arvclub.co.uk/contact-us,
IN-01035,ERP_VENDORS,ADELINSVCS LTD,"15629708 - Companies Ho Default Address, Cardiff",CF14 8LH,UK,,
IN-01036,CRM,Blacksuacafe,72 High St,SA1 1LN,,,
IN-01037,ERP_VENDORS,BLACKSTAR GOFL LTD,"Suite 4 123 Stratford Rd, Solihull",B903ND,GB,,
IN-01038,CRM,BROWN BEAARCREATIVE LTD,"7-9 CROSBY STREET, CARLISLE",CA1 1DQ,United Kingdom,,
IN-01039,ERP_VENDORS,Ap Agricultural,"21 UNITY WAY, TALKE, STOKE-ON-TRENT",ST7 1RU,UK,shop.apagricultural.com,
IN-01040,WEB_FORM,4 Polworthroad Limited,"4 POLWORTH ROAD, STREATHAM, LONDON",,GB,,
IN-01041,CRM,ADVIEC POINT GRP LTD.,"54 DUDLEY AVENUE, HARROW",HA3 8SS,GB,,
IN-01042,ERP_VENDORS,ADVANCED BUSINESS SOFTWARE UK Limited,"9 Malvern Road, Worcester",WR2 4LE,,,
IN-01043,WEB_FORM,106 Scaelsroad Limited,"106 Scales Rd, London",N179EZ,GB,,
IN-01044,ERP_VENDORS,Baskervilleworldwide Sourcing Ltd.,fen villa the fen NR16 2HJ,,ENGLAND,,
IN-01045,CRM,ASHH LTD,"11 St. Clair Cl, Ilford",ig5 0pa,GB,,GB890275656
IN-01046,WEB_FORM,365 Days Of,,,United Kingdom,,450979325
IN-01047,CRM,AI ABACUS LTD,Chestnut Ho The Ridge,LS22 4HJ,,,
IN-01048,ERP_VENDORS,Bare Lane News,"7 CRESCENT STORE, 7 PRINCES CRESCENT, MORECAMBE",LA4 6BY,UNITED KINGDOM,,819 7180 10
IN-01049,ERP_VENDORS,BFORTE Ltd.,"7 Bournemouth Road, Chandler'S Ford, Eastleigh",SO53 3DA,GB,,
IN-01050,ERP_VENDORS,Bosco Cheltenham,,,UNITED KINGDOM,,gb 426234336
IN-01051,WEB_FORM,Antec Cte Limited,"10 Miles Hill View, Leeds",LS7 2EJ,UK,,
IN-01052,WEB_FORM,ADVICE POINT GROUP Ltd,"54 DUDLEY AVENUE, HARROW",HA3 8SS,UK,,
IN-01053,WEB_FORM,BESWICK BUILDING LIMITED,"1st floor, 28 whitehorse st, baldock SG7 6QQ",,United Kingdom,,
IN-01054,CRM,Ansari & Bennett Global Ltd.,"MATHEWS HOUSE, TADROS COURT, HIGH WYCOMBE",,United Kingdom,,
IN-01055,CRM,ALPHA SURVEYS (EAST ANGLIA) LTD,"4 meadow brown way, bury st edmunds",IP313TU,GB,,
IN-01056,CRM,A1 ZERO CARBON Limited,"International House Pant Industrial Estate, Dowlais, Merthyr Tydfil",CF48 2SR,,www.a1zerocarbon.co.uk,
IN-01057,ERP_VENDORS,Bags Sw17 LIMITED,"UNIT 2 TOOTING MARKET, 20 TOTTERDOWN STREET, LONDON",SW17 8TA,ENGLAND,,
IN-01058,ERP_VENDORS,Adlive Saudi Arabia Ltd.,"7 BELL YARD, LONDON",WC2A 2JR,,,
IN-01059,WEB_FORM,Air Works Aviation Services,,,,https://airworksaviationservicesuk.co.uk/about,
IN-01060,WEB_FORM,Ads Drilling Midlands Ltd.,"The Mill, Kingsteignton Rd",TQ122QA,ENGLAND,,
IN-01061,CRM,BIG WHITE SOLUTIONS LIMITED,"71-75 Shelton St, London",WC2H9JQ,UK,,
IN-01062,CRM,Acocorp Ltd,"97 judd st, london",WC1H 9JG,GB,,
IN-01063,ERP_VENDORS,Ags Group,,,GB,,GB 637592323
IN-01064,ERP_VENDORS,Blinding Heights Limited,"100 STRATHERN ROAD, BROUGHTY FERRY, DUNDEE",DD5 1JS,United Kingdom,,
IN-01065,WEB_FORM,BRILLIANT TEXTILE LTD,"9 Pantygraigwen Rd, Pontypridd CF37 2RR",,United Kingdom,,
IN-01066,WEB_FORM,ABSOLUTE CAREPEMBROKESHIRE LTD,"5 Oaklands Terrace, Wiston, Haverfordwest",SA62 4PR,,,
IN-01067,ERP_VENDORS,Art On Wood Limited,"18 St Catherines Road, Littlehampton",BN17 5HR,GB,,
IN-01068,WEB_FORM,BIRD WELLBEING Ltd.,"5 ASHLING CLOSE, BOURNEMOUTH",BH8 9JD,UK,www.birdwellbeing.co.uk,GB841750884
IN-01069,WEB_FORM,Above & Beyond Propurty Solns LTD,"40 Anchor Rd, Bournemouth BH11 9HS",,UK,,
IN-01070,WEB_FORM,Adunni Taste Kitchen,,,GB,,gb 743914874
IN-01071,ERP_VENDORS,Belmont West Limited,"1St Floor Studio 2, 150 Holywood Rd",bt4 1ny,,,
IN-01072,ERP_VENDORS,Addition Communications Ltd,"12 Birdwood Rd, Maidenhead",SL65AP,,,
IN-01073,ERP_VENDORS,Bronwinsfood Limited,"25 RICHMOND ROAD, SMETHWICK",B66 4ED,ENGLAND,,
IN-01074,CRM,Abyaz,"316 Romford Road, C/O Afs, London",E7 8BD,UK,,GB-189-7705-08
IN-01075,WEB_FORM,Aravcommerciasl Ltd,"51 51 DOWNTOWN COURT, HOLLINSWOOD, TELFORD",TF3 2BT,United Kingdom,,
IN-01076,ERP_VENDORS,10 Oakley Avenue Ealing Management Company,,,GB,,432902377
IN-01077,WEB_FORM,7 GROSVENOR PACE BATH MANAGEMENT COMPANY LIMITED,"7 GROSVENOR PLACE, BATH, SOMERSET",BA1 6AX,GB,,
IN-01078,WEB_FORM,AKT PHYSIOTHERAPY Ltd,"Fao Workwell Accountancy Ground Floor East - Hyde, 38 Clarendon Road, Watford",,UK,,
IN-01079,CRM,AMBBER HYDRAULICS LTD,"Unit 4, 251 Holt Road, Horsford, Norwich",NR10 3EB,UK,,GB465673912
IN-01080,ERP_VENDORS,376 Durnsford Road Management Company Ltd,"376 Durnsford Road, London",SW19 8DY,,,
IN-01081,WEB_FORM,AC DIRIES LIMITED,"26 High Street, Annan",,UK,,
IN-01082,WEB_FORM,Aqi Barber,"26 RAWMARSH ROAD, SUNDERLAND",SR5 5HF,United Kingdom,https://www.aqibarber.uk/,
IN-01083,WEB_FORM,Ayron,"20 Wenlock Road, London",N1 7GU,,,GB-883-1955-83
IN-01084,CRM,AOS SECURITY AND RECRUITMENT Limited Company,"9 WHEATSTONE COURT WATERWELLS BUSINESS PARK, DAVY WAY, GLOUCESTER",GL2 2AQ,GB,,
IN-01085,WEB_FORM,Baird Designs Ltd.,"3 Cairnhill Crescent, Ballygally, Larne",BT40 2QT,UK,,
IN-01086,WEB_FORM,A.S.H Air Conditioning,,,United Kingdom,,GB 409 0583 10
IN-01087,CRM,Alpine Services d'Assurance SA,"213 London Road, Hadleigh, Benfleet",SS7 2RD,Royaume-Uni,,
IN-01088,ERP_VENDORS,Ai Chitsolutions Ltd,"128 City Road, London",EC1V 2NX,United Kingdom,,
IN-01089,ERP_VENDORS,ADMAFE LTD,"Office 18406 182-184 High Street North, East Ham, London",E6 2JA,UK,,
IN-01090,WEB_FORM,ADS DRILLING MIDLANDS Ltd,"THE MILL, KINGSTEIGNTON ROAD, NEWTON ABBOT",TQ12 2QA,United Kingdom,,
IN-01091,ERP_VENDORS,650B,"73 MACKIE AVENUE, BRIGHTON",BN1 8RD,UK,shop.650b.co.uk,
IN-01092,CRM,BFN ESTATTES LTD,"45 Clarendon Gardens, Bromley Cross, Bolton",BL7 9GW,,,
IN-01093,WEB_FORM,BOYES AIR CONDITIONING LIMITED,"12 Fairwood, Coate, Swindon",SN3 6DG,,,
IN-01094,WEB_FORM,Assseti Ltd.,Tennyson Ho,CB40WZ,GB,,
IN-01095,CRM,3R Incorporated,,,UK,https://3rincorporated.co.uk/about,
IN-01096,ERP_VENDORS,BLACKSTAR MARKETING Limited Company,"1 Token House Yard, Bridlesmith Gate, Nottingham",NG1 2HG,ENGLAND,,
IN-01097,WEB_FORM,A&N KAYE PROPERTY Limited Company,"10 ELMSWAY, HALE BARNS, ALTRINCHAM",WA15 0DZ,United Kingdom,,
IN-01098,CRM,BLUEVINES DIGITAL MARKETING LIMITED,"145 Rivulet Road, London",N17 7JH,ENGLAND,,
IN-01099,WEB_FORM,Adr Consulting,"10 Tudor Road, Carrickfergus",BT38 9TU,United Kingdom,,
IN-01100,CRM,Acg Nw,"146 Lock Ln, Partington",M314PW,United Kingdom,,
IN-01101,ERP_VENDORS,APPIAL VAULT,"66 Paul St, London",EC2A 4NA,,,
IN-01102,WEB_FORM,Aemans Fashion,"AEMANS, 134 MANNINGHAM LANE, BRADFORD",BD8 7JJ,United Kingdom,,GB 584 9425 32
IN-01103,CRM,Abundantsolutions Ltd.,"Brackley Ho, 31 Campbell, Cl, Buntingford, Hertfordshire SG9 9BY",,,,
IN-01104,CRM,90 SEYMOUR ROAD MANAGEMENT Ltd.,"90 SEYMOUR ROAD, GROUND FLOOR FLAT, LONDON",N8 0BG,,,
IN-01105,ERP_VENDORS,ALEXXEMM LIMITED,"5 SKIPTON GARDENS, COVENTRY",CV2 3PG,GB,,
IN-01106,WEB_FORM,Azets (Mcc),,,UK,,GB-059-5328-13
IN-01107,CRM,BLAND RATE Limited,"17306974 - Companies Ho Default Address, Cardiff",CF148LH,GB,,
IN-01108,WEB_FORM,AAA SQUUD Limited,101 Naylor Rd,SE151QH,GB,,
IN-01109,ERP_VENDORS,ALANA HOMES Limited Company,"2 ORPWOOD PADDOCK SCHOOL ROAD, ARDINGTON, WANTAGE",OX12 8RB,United Kingdom,,
IN-01110,ERP_VENDORS,76 Projects,"104 West Fen Road, Ely",CB6 3AD,UK,,
IN-01111,ERP_VENDORS,AUTOMOTIVE ENVIRONMENTALSVCS LIMITED,"Leytonstone House, Leytonstone, London",E11 1GA,UK,,
IN-01112,WEB_FORM,Ac Litham Ltd,"41b beach rd, littlehampton",BN17 5JA,UNITED KINGDOM,,
IN-01113,WEB_FORM,Airfix Nordic,,,,airfixnordic.co.uk,
IN-01114,WEB_FORM,Bonomo-Fox Avietion Services Ltd.,"50 cotswolds way, buckingham",MK182FR,United Kingdom,,
IN-01115,WEB_FORM,Argyle Corporaions Ltd,"27 SALISBURY ROAD, CREDENHILL, HEREFORD",HR4 7DG,UK,,
IN-01116,ERP_VENDORS,Blackstur Marketing Limited,"1 Token House Yard, Bridlesmith Gate, Nottingham",NG1 2HG,GB,,
IN-01117,CRM,BRIGHTHOUSE PROPERTY MANNAGEMENT LTD,"3 MINTERNE AVENUE, SITTINGBOURNE",ME10 1SE,ENGLAND,,
IN-01118,ERP_VENDORS,69 Eaton Place Freehold,"Best Gapp, 81 Elizabeth Street, London",SW1W 9PG,GB,shop.69eatonplacefreehold.co.uk,
IN-01119,CRM,Bbaha,"12 WATTSTOWN GREEN, COLERAINE",BT52 1FL,NORTHERN IRELAND,info@bbaha.co.uk,
IN-01120,WEB_FORM,Best Budget Cars Ltd,"boytoncross, chelmsford CM1 4LL",,GB,,GB897849835
IN-01121,CRM,638 Hereford,"2 FOLEY STREET, HEREFORD",HR1 2SG,,info@638hereford.com,
IN-01122,CRM,Broadstone Property Developments,"36 Hillside Grove, London",NW7 2LR,UK,https://www.broadstonepropertydevelopments.com/,
IN-01123,WEB_FORM,B THE BUALDERS LTD,"127 Pear Tree Road, Derby",DE23 6QF,ENGLAND,,
IN-01124,WEB_FORM,Api Sky Aviaiton Limited,"3 Anderson Ct, Cambridge",CB39EZ,UK,,
IN-01125,WEB_FORM,ACUDATA LTD,"71-75 SHELTON STREET, COVENT GARDEN, LONDON",WC2H 9JQ,UNITED KINGDOM,,
IN-01126,CRM,ALEXANDER BIRCH Ltd.,"RIVERSIDE HOUSE 1-5, COMO STREET, ROMFORD",RM7 7DN,UK,,
IN-01127,WEB_FORM,14930 LIMITED,"Leigh Marina, High Street, Leigh-On-Sea",SS9 2ES,UK,,
IN-01128,CRM,Akhisar Ltd,"17 Green Lanes, London",N16 9BS,GB,,
IN-01129,WEB_FORM,Beatdibs,"31 EGMONT STREET, SALFORD",M6 7FJ,United Kingdom,,GB 570 0284 06
IN-01130,ERP_VENDORS,BR RESPONSIBLE INVESTMENT LTD,"26 Briars Wood, Horley",RH6 9UE,United Kingdom,,
IN-01131,CRM,Block Bearrecruitment Ltd,"21 DALESIDE, DEWSBURY",,UK,,
IN-01132,WEB_FORM,Bhp Property Group Ltd,29 New Broadway UB10 0LL,,ENGLAND,,
IN-01133,CRM,ATO DNA LTD,"19 HAWES PLACE, NEWTON AYCLIFFE",DL5 7ED,ENGLAND,,
IN-01134,ERP_VENDORS,69 Eaton Place Freehold,"Best Gapp, 81 Elizabeth Street, London",SW1W 9PG,United Kingdom,,GB 705 8262 64
IN-01135,ERP_VENDORS,Bow Media & Production,,,GB,bowmediaandproduction.co.uk,
IN-01136,CRM,BLUCARCHITECTURE LTD,"4 Stonehill Croft, Shirley, Solihull",,UK,,
IN-01137,WEB_FORM,ALMA Y LUAN Limited,"30 Africa Gardens, Cardiff",CF143BU,WALES,,
IN-01138,CRM,Aleverse Limited,"63 Leopold Rd, East Finchley, London N2 8BG",,,,
IN-01139,CRM,Amtech Trading Limited,"apartment 316 wimbledon central, 21-33 worple rd, london",SW19 4BJ,UK,,
IN-01140,WEB_FORM,BEST CAR FINANCE Ltd,"71-75 SHELTON STREET, COVENT GARDEN, LONDON",WC2H 9JQ,UK,,
IN-01141,CRM,Ateeyaah Limited,"6 Roker Close, Nottingham",NG8 5RA,United Kingdom,,
IN-01142,ERP_VENDORS,Antennaware Ltd,"Catalyst Innovation Centre, Queens Road, Belfast",,UK,,GB735984483
IN-01143,CRM,AFYONA ESTABLISHMENT Ltd,"C/O ALLGEMEINES TREUUTERNEHMEN, AULESTRASSE 5, VADUZ",9490,UK,,
IN-01144,ERP_VENDORS,Alva Advisory Partners,"48D Long Lane, Tilehurst, Reading",RG31 6YJ,GB,alvaadvisorypartners.co.uk,
IN-01145,WEB_FORM,Biskutt Ltd,"10 MUIR ROAD, MAIDSTONE",ME15 6PX,ENGLAND,,
IN-01146,WEB_FORM,Blazin Burgers Uk Ltd,"greencoat ho 2nd floor,, birmingham B11 1QS",,UNITED KINGDOM,,
IN-01147,WEB_FORM,360 Dusignstudio Limited,"3 Willowbank Road, Knowle, Solihull",B93 9QH,ENGLAND,,
IN-01148,CRM,"Bibury Natural Food U.K. Co.,","DEPT 111 196 HIGH ROAD, WOOD GREEN, LONDON",N22 8HH,United Kingdom,http://biburynaturalfooduk.co.uk/contact-us,
IN-01149,CRM,ANLABY PARK HOTEL LTD,"265 Hull Rd, Anlaby Common, Hull",hu4 7ry,United Kingdom,,
IN-01150,WEB_FORM,Asset Grove Investments Limited,"azad & co, 392, mitcham",CR4 4EA,UK,,
IN-01151,WEB_FORM,AMBERSON-HULLAH - LICENSEDCONVEYANCERS - EXETER OFFICE,"46/48 QUEEN STREET, CLOCKTOWER, EXETER",EX4 3SR,GB,,
IN-01152,WEB_FORM,Ac Partnersprofessional Services Ltd,"869 HIGH ROAD, LONDON",N12 8QA,GB,,
IN-01153,ERP_VENDORS,Berrbish Ltd,"651A MAULDETH ROAD WEST, CHORLTON, MANCHESTER",M21 7SA,United Kingdom,,
IN-01154,WEB_FORM,ATPC,"71-75 SHELTON STREET, COVENT GARDEN, LONDON",WC2H 9JQ,United Kingdom,,
IN-01155,ERP_VENDORS,Advantage Sports Consultancy Ltd,"12 March Pines, Edinburgh",EH43PF,UNITED KINGDOM,,
IN-01156,WEB_FORM,Bairddesigns Ltd,"3 Cairnhill Crescent, Ballygally, Larne",BT40 2QT,,,
IN-01157,WEB_FORM,BEST & BEST INTL,liberty ho,HA8 6LE,,,
IN-01158,CRM,A W Nattrass,"62A Thorpe Lane, South Hykeham, Lincoln",,UK,awnattrass.co.uk,
IN-01159,WEB_FORM,Abelson Associates,"20 SWAN STREET, MANCHESTER",M4 5JW,UNITED KINGDOM,abelsonassociates.com,
IN-01160,ERP_VENDORS,BREWNLOWS (BRISTOL) LIMITED,"COURT LODGE CHURCH LANE, STANTON DREW, BRISTOL",BS39 4EP,UNITED KINGDOM,,
IN-01161,WEB_FORM,2YD Limited,"3 Bushey Wood Grove, Sheffield",S17 3JZ,GB,,
IN-01162,ERP_VENDORS,3CRINGLEMIRE Limited Company,"3 Cringlemire, Holbeck Lane, Windermere",LA23 1LY,ENGLAND,,
IN-01163,WEB_FORM,Acoustic Calibration Services Ltd,"BUILDING 18, GATEWAY 1000 WHITTLE WAY, ARLINGTON BUSINESS PARK, STEVENAGE",SG1 2FP,,,
IN-01164,ERP_VENDORS,Allmend House Ltd,"4Th Floor Office, 205 Regent St",W1B 4HB,United Kingdom,,
IN-01165,ERP_VENDORS,21 & 21A Daphne Street,"21 Daphne Street, London",SW18 2BJ,United Kingdom,https://21and21adaphnestreet.co.uk/about,
IN-01166,WEB_FORM,76 Wheeleys Road Management Ltd,"flat 3, 76 wheeleys rd, birmingham,, wheeleys rd, birmingham",B152LN,,,
IN-01167,ERP_VENDORS,Anyytimecapital LIMITED,"128 city rd, london",EC1V2NX,United Kingdom,,
IN-01168,CRM,Base Offices Ltd,"16 TINWORTH STREET, LONDON",SE11 5AL,United Kingdom,,
IN-01169,ERP_VENDORS,BROMOPRPOERTY LIMITED,"941 Longbridge Rd, Dagenham",RM82BU,UK,,
IN-01170,ERP_VENDORS,Aeva Properties,"71-75 SHELTON STREET, COVENT GARDEN, LONDON",WC2H 9JQ,United Kingdom,,065797499
IN-01171,WEB_FORM,Asklet Properties,,,,askletproperties.com,
IN-01172,ERP_VENDORS,Blauer Himmel Steuerberater GmbH,"Innovation Centre Medway, Maidstone Road, Chatham",ME5 9FD,Vereinigtes Königreich,,
IN-01173,ERP_VENDORS,Baimen Limited,"20 Wenlock Rd, London",N17GU,ENGLAND,,
IN-01174,WEB_FORM,ARNICA LTD,"34 south approach, moor park, northwood",HA6 2ET,ENGLAND,,
IN-01175,WEB_FORM,Amina’S Deals,,,UNITED KINGDOM,,GB 003 4290 16
IN-01176,ERP_VENDORS,Blue Trove Ltd.,"365 NELSON ROAD, TWICKENHAM",TW2 7AG,United Kingdom,,
IN-01177,CRM,AQAU OZO LIMITED,"Celtic House, Caxton Place, Pentwyn",CF23 8HA,GB,,
IN-01178,WEB_FORM,AS-SUFFA TURST Ltd,"25 park ln, aston, birmingham B6 5DA",,GB,,
IN-01179,WEB_FORM,Animal Angels Inverclyde,"The Coachhouse, Parkhill Farm, Old Greenock Road, Port Glasgow",PA14 6TE,,WWW.ANIMALANGELSINVERCLYDE.CO.UK,
IN-01180,WEB_FORM,Attwood Digital,,,UK,,GB 648 6426 66
IN-01181,WEB_FORM,Bannan Building Contractors,,,GB,shop.bannanbuildingcontractors.com,
IN-01182,CRM,Blue Chilli Thai 2012 Ltd,"Blue Chilli Thai 2012 Ltd, Mansfield",NG18 1NJ,,,
IN-01183,WEB_FORM,BLU MAINTENANCE & LOGISTICS,"12 FLORIN DRIVE, BOSTON",PE21 7LU,UK,,
IN-01184,CRM,Audaciousfoundaation,"Audacious Foundation Unit 6 Deva Centre, Trinity Way, Manchester",M3 7BB,GB,,
IN-01185,WEB_FORM,BELL PHILLIPS ARCHITECTS LIMITED,"5 technology park, colindeep ln, colindale",NW96BX,UNITED KINGDOM,www.bellphillipsarchitects.co.uk,
IN-01186,WEB_FORM,Aitc LTD,"26 melior st, london",SE13QP,GB,,
IN-01187,ERP_VENDORS,Ach79 Ltd,"HARE HOUSE, 732 WHITTINGHAM LANE, PRESTON",PR3 2JJ,GB,,
IN-01188,CRM,Bcm Hmoes Ltd,"Grosvenor Hall, 5 Glengall Street, Belfast",BT12 5AD,UK,,
IN-01189,ERP_VENDORS,BESLEY HERITAGE LTD,"1 Wales St, Banbury",OX173RR,United Kingdom,,
IN-01190,CRM,Bigfield Consulting,"23 Lyric House, Beames Road, London",NW10 8GS,United Kingdom,https://www.bigfieldconsulting.com/,
IN-01191,CRM,Barretts Financial Solutions,,,,,GB-802-3967-27
IN-01192,ERP_VENDORS,Akt Physiothrapy Limited,"FAO WORKWELL ACCOUNTANCY GROUND FLOOR EAST - HYDE, 38 CLARENDON ROAD, WATFORD",WD17 1JW,UK,,
IN-01193,ERP_VENDORS,AESTHETICS BY KIRSTIE,"34 Greenway Road, Bilston",,UK,,
IN-01194,WEB_FORM,99Assists,"20 WENLOCK ROAD, LONDON",N1 7GU,GB,https://www.99assists.co.uk/,
IN-01195,CRM,B.L.C.T. (12717) Ltd.,"47 ESPLANDE, ST. HELIER",JE1 0BD,,,
IN-01196,ERP_VENDORS,A M R LESTER Limited Company,"5 WINTERBORNE MEADOWS, WINTERBORNE KINGSTON, BLANDFORD FORUM",DT11 9FB,ENGLAND,,
IN-01197,CRM,Ashotnarms Ltd,"Clarence Arcade, Stamford Street Central, Ashton Under Lyne",OL6 7PT,GB,,
IN-01198,CRM,Alluvium Consultancy Ltd,"14 ASHRIDGE CLOSE, STANFORD LE HOPE",SS17 0FP,UNITED KINGDOM,,
IN-01199,CRM,BREEWRS ARMSNESTON LTD,"5 PARKGATE ROAD, NESTON",CH64 9XF,,,
IN-01200,CRM,Aisroft Central Ltd.,"86 kingswell rd, bournemouth",BH105DL,United Kingdom,,
IN-01201,WEB_FORM,Animal Angels Inverclyde,"The Coachhouse, Parkhill Farm, Old Greenock Road, Port Glasgow",,,http://animalangelsinverclyde.co.uk/contact-us,
IN-01202,WEB_FORM,ANISA ISLAM PRIVATE Ltd.,"FLAT 4 WILKIN STREET, PRIESTLEY HOUSE, LONDON",NW5 4LP,GB,,
IN-01203,CRM,Balloons And More Ltd,"24 High Street, New Bradwell, Milton Keynes",MK13 0BT,GB,,
IN-01204,ERP_VENDORS,Ashleywwood Ltd.,"18 Baobab Dr, Bilston",WV140RJ,,,
IN-01205,WEB_FORM,Ask No.2,"32 Hermitage Way, Lytham St. Annes",FY8 4FX,UK,shop.askno2.co.uk,
IN-01206,ERP_VENDORS,ASTTEN CONSTRUCTION CONSULTANCY,"52 Chorley New Rd, Bolton",bl1 4ap,United Kingdom,,
IN-01207,ERP_VENDORS,BAAR HOLDINGS,"17 HIGHFIELD ROAD, LUTON",LU4 8AZ,United Kingdom,,
IN-01208,WEB_FORM,Black Tie Bartendres Ltd.,"9 Llanon Rd, Llanishen, Cardiff CF14 5AF",,UK,,
IN-01209,WEB_FORM,Bold Innovate Ltd,7B Parkshot,TW92RD,GB,,
IN-01210,CRM,ACCOUNTABILITY AA1000 C.I.C. Ltd,"Dawson House 5 Jewry Street, Ste 305, London",EC3N 2EX,ENGLAND,,
IN-01211,ERP_VENDORS,Bearclaening Ltd,"2 Kew Close, Kenilworth",CV8 2NQ,GB,,
IN-01212,ERP_VENDORS,AA MIDLANDS SERVICES LTD,"6 Marvyn Cl, Nottingham",NG69FJ,ENGLAND,,
IN-01213,CRM,3P Accountints Limited,"UNIT 29 BARLEYLANDS, BARLEYLANDS ROAD, BILLERICAY",CM11 2UD,,,
IN-01214,CRM,Aston Security,,,UK,,GB-356-5518-83
IN-01215,ERP_VENDORS,BHP EQUESTRIAN Limited,"NEDSWOOD WOOTTON, ELLASTONE, ASHBOURNE",DE6 2GW,UK,,
IN-01216,ERP_VENDORS,17 Malcolm Road Limited,"17 Malcolm Rd, London",SW194AS,GB,,
IN-01217,CRM,Alfa Physio Clinic,,,ENGLAND,,439661916
IN-01218,CRM,Biesrem,"20 Sycamore Close, Tilbury",RM18 7TB,GB,,
IN-01219,WEB_FORM,Allserve,"2 VICTORY CLOSE, RYDE",PO33 3RA,GB,,GB 847185799
IN-01220,WEB_FORM,Ap Sd Seventyfour,"49 Richford Gate, London",w6 7hy,UNITED KINGDOM,,
IN-01221,WEB_FORM,ASPHALT BOND COAT SERVICES Ltd.,"C/O ASPHALT GROUP LIMITED SLATE HALL FARM, DRY DRAYTON ROAD, OAKINGTON",CB23 8HB,United Kingdom,,
IN-01222,WEB_FORM,Auranotes,"37 ELMS LANE, WEMBLEY",HA0 2NX,UK,,GB-885-4747-71
IN-01223,CRM,ABOVE AND BEYOND PROPERTYSOLUTIONS LIMITED,"40 Anchor Road, Bournemouth",BH11 9HS,GB,,
IN-01224,ERP_VENDORS,2 And 4 Wheel Motorsport Limited,"95 Shore Rd, Greenisland, Carrickfergus",BT38 8TZ,United Kingdom,www.2and4wheelmotorsport.uk,GB563380200
IN-01225,ERP_VENDORS,ASTWOOD CONSULTANTS Ltd.,"EYRESWOOD FARM ASTWOOD ROAD, CRANFIELD, BEDFORD",MK43 0AU,ENGLAND,,
IN-01226,WEB_FORM,21 & 21A Daphne Street,"21 DAPHNE STREET, LONDON",SW18 2BJ,UK,,583078819
IN-01227,WEB_FORM,Ashleygroup Hldgs Employee Ownership Trustee Ltd.,5th floor,se1 9ra,United Kingdom,,
IN-01228,ERP_VENDORS,11A Stodman Street Limited Company,"SUITE 2A CHATSWORTH HOUSE, PRIME BUSINESS CENTRE, DERBY",DE21 7SR,UNITED KINGDOM,,
IN-01229,WEB_FORM,Able & Baker Ltd,"5 ROYAL COTTAGES COOKHAM DEAN COMMON, COOKHAM, MAIDENHEAD",SL6 9PA,United Kingdom,,
IN-01230,WEB_FORM,BAYCLOUD SYSTEMS LIMITED,"4 Wharfe Mews, Cliffe Terrace",LS226LX,,,
IN-01231,ERP_VENDORS,Aadya'S Builderrs,office 2 m3m KA6 6BE,,,,
IN-01232,CRM,ABRAHAM ISAAC JACOB LIMITED,"66 Nithdale Rd, London SE18 3PD",,GB,,
IN-01233,ERP_VENDORS,Bernard Matthews Foods (Sunderland) Limited Company,"2Nd Floor Colmore Court, 9 Colmore Row, Birmingham",B3 2BJ,UK,,
IN-01234,ERP_VENDORS,Amelia Hunt,"Newton Heath Liberty Road, Newtown, Fareham",PO17 6LD,United Kingdom,,GB 689 3626 12
IN-01235,WEB_FORM,BROUGHTON HOUSE MANAGEMENT COMPANY LIMITED,"Old Linen Ct, Barnsley",S70 2SB,United Kingdom,,
IN-01236,WEB_FORM,3DL SONS LTD,"30 GLENBURNIE ROAD, LONDON",SW17 7PY,United Kingdom,,
IN-01237,CRM,ADAMANT HOMES,"FLAT E, 13 GROVE PARK, LONDON",SE5 8LR,,www.adamanthomes.co.uk,
IN-01238,WEB_FORM,Avocado Marketing LTD,"THE ORCHARDS 6 BREWERS LANE, TWYFORD, WINCHESTER",SO21 1RQ,GB,,
IN-01239,ERP_VENDORS,BOSWELL COURT LIMITED,"9Th Floor, 26 Elmfield Rd",br1 1lr,,,
IN-01240,CRM,BRS ASSUROD LTD,"GLENCOE, 3A SPRINGFIELD PARK, BUCKFASTLEIGH",TQ11 0LL,,,
IN-01241,WEB_FORM,Abzie-Cutz Ltd,"545 Linclon Rd, Peterbrough",pe1 2pb,United Kingdom,,
IN-01242,ERP_VENDORS,BOILER RESCUE LIMITED,"The Olives, Farleigh Ln, Maidstone",ME169LY,GB,,
IN-01243,ERP_VENDORS,Bekir Kb LIMITED,"6 Market Place, Brackley",NN13 7DP,,,
IN-01244,ERP_VENDORS,Bint Couture,,,GB,WWW.BINTCOUTURE.CO.UK,
IN-01245,CRM,Baraset Propertties Limited,"BARASET HOUSE WELLESBOURNE ROAD, ALVESTON, STRATFORD-UPON-AVON",CV37 7RF,GB,,
IN-01246,WEB_FORM,Blue Ocean Fin-Tech,,,UK,blueoceanfintech.co.uk,
IN-01247,ERP_VENDORS,B I DEVELOPMENTS LIMITED,"Berthllwyd, Moelfre, Oswestry",SY107QW,United Kingdom,,
IN-01248,CRM,AUROUS PIZZA HOLDINGS Ltd.,"Haslers Hawke House, Old Station Road, Loughton",IG10 4PL,UK,,
IN-01249,WEB_FORM,ALISKEVICIUS LTD,"69 Downing Cl, Ipswich",ip2 9eq,United Kingdom,,GB959623025
IN-01250,WEB_FORM,Bh Holdings (Eng),"128 CITY ROAD, LONDON",EC1V 2NX,GB,,767 2025 42
IN-01251,CRM,BIZZZLOC LTD.,"The Picasso Building, Caldervale Road, Wakefield",WF1 5PF,UK,,
IN-01252,ERP_VENDORS,Asg Property Solutions Ltd,"fooks & co, bargoed",cf81 8ra,UNITED KINGDOM,,
IN-01253,ERP_VENDORS,Blue Goose Construction Ltd.,"58 MILL LANE, BEVERLEY",HU17 9JD,UK,,
IN-01254,CRM,AUTO FINANCE TECHNOLOGY Limited,"Unity House, Bird Hall Lane, Stockport",SK3 0UX,UNITED KINGDOM,,
IN-01255,ERP_VENDORS,AEM COLLETCION LIMITED,"82 James Carter Rd James Carter Rd, Mildenhall, Bury St. Edmunds",ip28 7de,United Kingdom,,
IN-01256,ERP_VENDORS,ANGLE SWISSBUSINESS ALLIANCE LTD,"6 Beaufort Court, Admirals Way, London",E14 9XL,ENGLAND,,
IN-01257,ERP_VENDORS,B21,,,,https://www.b21.co.uk/,
IN-01258,WEB_FORM,BBAY IT'S YOU LIMITED,"42 PERCY STREET, LIVERPOOL",L8 7LU,GB,,
IN-01259,CRM,Blissconvienence Store LIMITED,"156 Merton Hall Rd, London",SW193PZ,ENGLAND,,
IN-01260,CRM,AMSEL INVESTMENTS LTD,"5 Avro Court, Ermine Business Park, Huntingdon",PE29 6XS,,,
IN-01261,CRM,BLUESTELE IT LIMITED,"Lower Brockholes Farm, Lower Brockholes, Halifax",hx2 8xq,UNITED KINGDOM,,
IN-01262,CRM,ADVA GROUP Limited Company,"C/O Elliot Woolfe & Rose Limited, Devonshire House, 582 Honeypot Lane, Stanmore",HA7 1JS,UNITED KINGDOM,,
IN-01263,CRM,ALHAFLAT ROOFING LIMITED,"115 High St, Cambridge",CB19LU,,,
IN-01264,ERP_VENDORS,Auto Low,"UNIT 4 RIVERSIDE 2, BRUNEL INDUSTRIAL ESTATE, QUAY ROAD, NEWTON ABBOT",TQ12 4DZ,,,453975827
IN-01265,ERP_VENDORS,24Carspares Ltd,"128 city rd, london",ec1v 2nx,,,
IN-01266,CRM,Berbish,"651A MAULDETH ROAD WEST, CHORLTON, MANCHESTER",M21 7SA,ENGLAND,,
IN-01267,ERP_VENDORS,Bnebojet Limited,"OFFICE 222, HANGAR 1, FARNBOROUGH AIRPORT, FARNBOROUGH",GU14 6XA,GB,www.benbojet.co.uk,
IN-01268,WEB_FORM,Ascii Consulting,"Rathfarnham East Flexford Lane, Wanborough, Guildford",GU3 2JP,United Kingdom,http://asciiconsulting.com/contact-us,
IN-01269,ERP_VENDORS,Abroms Farm Livery & Stud Ltd,"ABRAMS FARM, STOPGATE LANE, SIMONSWOOD",L33 4YB,United Kingdom,,
IN-01270,WEB_FORM,Bridge Petroleum 3 Limited,"2 New St Square, London EC4A 3BZ",,,,
IN-01271,WEB_FORM,Blothurst,"Suite 1 Churchill House, 137 - 139 Brent Street, London",NW4 4DJ,GB,,
IN-01272,ERP_VENDORS,Active Solutions Limited,"Stable Ho The Whins, Clitheroe",BB7 9HP,ENGLAND,,
IN-01273,WEB_FORM,Brightmarch Property Management Limited,7 Bakers Cl RH7 6HF,,United Kingdom,,
IN-01274,CRM,BCM HOMES LIMITED,"Grosvenor Hall, 5 Glengall Street, Belfast",BT12 5AD,United Kingdom,,
IN-01275,CRM,11 STANHOPE PLACE,"One, Station Approach, Harlow",,United Kingdom,,
IN-01276,CRM,Akin Group Limited,"1 Delany Avenue, Wellesbourne, Warwick",CV35 9UA,,,
IN-01277,CRM,Acr 100,,,United Kingdom,,GB 742862204
IN-01278,WEB_FORM,Ashbuorne (Barbican) Management,"office 25 genesis building, union st, plymouth",PL13HN,United Kingdom,,
IN-01279,ERP_VENDORS,Alben Medicalservices LTD,"Wessex Ho, Teign Rd, Newton Abbot",TQ124AA,UK,,
IN-01280,ERP_VENDORS,ALTASHOMES LIMITED,"132 Widney Lane, Solihull, West Midlands",B91 3LH,UK,,
IN-01281,WEB_FORM,Birmingham Office Supplies & Furniture,"3 WOODSTOCK CRESCENT, DORRIDGE, SOLIHULL",B93 8DA,GB,http://birminghamofficesuppliesandfurniture.co.uk/contact-us,
IN-01282,WEB_FORM,BAKR N1 LIMITED,"126G Lower Road, London",SE16 2UF,UK,,
IN-01283,CRM,Be Logistics Services Ltd.,"143 ROODEGATE, BASILDON",SS14 2AY,ENGLAND,,
IN-01284,ERP_VENDORS,A.K.S Estutes Ltd.,"14 2/b 10-16 tiller rd, london",E148PX,United Kingdom,,
IN-01285,ERP_VENDORS,Amp Accounting Limited,"6 oaklands ave, wrexham, clwyd",LL139EW,UK,,
IN-01286,ERP_VENDORS,121 Resourcing,"UNIT 1A, FRASER ROAD, ERITH",DA8 1QL,UK,https://www.121resourcing.com/,
IN-01287,WEB_FORM,ASHBURROOW Ltd,"3 mellor rd, cheadle hulme, cheadle SK8 5AT",,UK,,
IN-01288,CRM,76 Wheeleys Road Management Ltd,"Flat 3, 76 Wheeleys Rd, Birmingham,, Wheeleys Rd, Birmingham",B152LN,United Kingdom,,
IN-01289,ERP_VENDORS,Bedroomworks,,,,,GB 684 5560 05
IN-01290,ERP_VENDORS,Aza Propertygroup Ltd,"17 HAMLET ROAD, BIRMINGHAM",B28 9BG,GB,,
IN-01291,WEB_FORM,A1 ZERO CARBON Limited,"International House Pant Industrial Estate, Dowlais, Merthyr Tydfil",CF48 2SR,United Kingdom,,
IN-01292,CRM,B2B Marketing,"Lathkill Dale Dale Road, Over Haddon, Bakewell",DE45 1JE,UNITED KINGDOM,info@b2bmarketing.co.uk,
IN-01293,WEB_FORM,Action Solutions Gift Cards Ltd.,"Mulgrave Farm Guisborough Road, Ugthorpe, Whitby",YO21 2BE,United Kingdom,,
IN-01294,WEB_FORM,111 STAGING,"Blackburn Technology Management Center Challenge Way, Office R37, Blackburn",BB1 5QB,,,
IN-01295,CRM,AKT PHYSIOTHERAPY LIMITED,"fao workwell accountancy gnd floor east - hyde, 38 clarendon rd",wd17 1jw,,,
IN-01296,CRM,APOXBESPOKE FINISHINGS LTD,"76 STATION ROAD, WEST HALLAM, ILKESTON",DE7 6GW,UK,,
IN-01297,ERP_VENDORS,Apex Maintenance Ltd,"31 Pine Grove, Bootle",L20 3UB,GB,,
IN-01298,WEB_FORM,Ace Bower LTD,"71-75 Shelton Street, London",WC2H 9JQ,ENGLAND,,
IN-01299,CRM,A&N Kaye Prpoerty Limited,"10 Elmsway, Hale Barns, Altrincham",WA15 0DZ,,,
IN-01300,WEB_FORM,Agnes Lloyd-Platt Pohtographic Limited,"GROUND FLOOR COOPER HOUSE, 316 REGENTS PARK ROAD, LONDON",N3 2JX,GB,,
IN-01301,ERP_VENDORS,ALIMATRRAVEL LIMITED,3a walter rd B67 7NP,,United Kingdom,,
IN-01302,WEB_FORM,Angel Tavern,,,GB,,444 5654 49
IN-01303,WEB_FORM,196 Productions,"Tudor House, 16 Cathedral Road, Cardiff",CF11 9LJ,GB,,011 2632 28
IN-01304,WEB_FORM,24-7 365 ELEC SERVACES LIMITED,"68 GARTHDEE ROAD, ABERDEEN",AB10 7AR,,,
IN-01305,WEB_FORM,ADVANCED MACHINEMAINTENANCE LIMITED,"Unit 70 Dunston House, Dunston Road, Chesterfield",S41 9QD,ENGLAND,,
IN-01306,WEB_FORM,A&M CONSULTANCY (SE),"7 Thorndike Cl, Southampton",SO166FL,UK,,
IN-01307,CRM,Atelier Aesthetics,"10 BEECH COURT, WOKINGHAM ROAD, HURST",RG10 0RQ,GB,https://www.atelieraestheticsgroup.uk/,
IN-01308,CRM,Aleshcaer Limited,"25 Susans Road, Eastbourne",,United Kingdom,,
IN-01309,ERP_VENDORS,AUTO COMPLETE LTD,"8 Harrier Rd, London",nw9 5bn,,,
IN-01310,CRM,Airfixnordic Limited,"27 OLD GLOUCESTER STREET, LONDON",WC1N 3AX,GB,,
IN-01311,ERP_VENDORS,Ace First Aid Supplies,,,,,GB-326-9392-26
IN-01312,ERP_VENDORS,Agh Prpertyrentals LIMITED,256 Main Rd,PE33 0NZ,ENGLAND,,
IN-01313,CRM,196 PRODUCTIONS Ltd.,"TUDOR HOUSE, 16 CATHEDRAL ROAD, CARDIFF",CF11 9LJ,UK,,
IN-01314,WEB_FORM,BESLEY HERITAGE,"1 WALES STREET, KINGS SUTTON, BANBURY",OX17 3RR,GB,,
IN-01315,CRM,BRAND 21 LTD,"1 Holburn Rd, Aberdeen AB10 6EY",,SCOTLAND,,
IN-01316,ERP_VENDORS,Architectural Renovations & Design Brun LIMITED,"21-27 Lambs Conduit Street, London",WC1N 3GS,GB,,
IN-01317,ERP_VENDORS,Asw Pest Controlspecialists Limited,"Holloway House Epsom Square, White Horse Business Park, Trowbridge",BA14 0XG,United Kingdom,www.aswpestcontrolspecialists.co.uk,
IN-01318,WEB_FORM,BELOWZERE CONNECTIONS Ltd,"2 sandys cl, rushwick, worcester",WR2 5UJ,,,
IN-01319,ERP_VENDORS,ATLANTIC HOUSE (FLATS),"UNIT 5 RIVERSIDE BUSINESS CENTRE, BRIGHTON ROAD, SHOREHAM-BY-SEA",,ENGLAND,,
IN-01320,WEB_FORM,Bishop Properties Dorset Ltd,"169 redhill dr, bournemouth BH10 6AH",,UK,,
IN-01321,WEB_FORM,7 STEEL (UK) LIMITED,"BUILDING 58, EAST MOORS ROAD, CARDIFF",CF24 5NN,United Kingdom,,
IN-01322,CRM,Azrokgroup Ltd,"71-75 Shelton Street, Covent Garden, London",WC2H 9JQ,United Kingdom,,
IN-01323,ERP_VENDORS,Blandmera Limited Company,"3 Mellor Rd, Cheadle Hulme, Stockport",SK85AT,,,
IN-01324,CRM,BEAU VENTURES UK LIMITED,43 Stone St,TN12QU,UNITED KINGDOM,,
IN-01325,WEB_FORM,Azteca Chelsea Limited,"329 Kings Rd, London SW3 5ES",,UNITED KINGDOM,,
IN-01326,ERP_VENDORS,APPSCENIC,"35 Westgate, Huddersfield",HD1 1PA,GB,,
IN-01327,ERP_VENDORS,Ingénierie de Précision Atlantique SAS,"1-3 Blackbushe Business Park, 1-3 Aragon Road, Yateley",GU46 6ET,Royaume-Uni,,
IN-01328,ERP_VENDORS,Amethystscure Ltd,"1 WESLEY PL, HALIFAX, HALIFAX ROAD, KEIGHLEY",BD21 5EH,,,
IN-01329,WEB_FORM,Brar Estates Ltd,"45 Charlton Gardens, Bristol",BS106LU,United Kingdom,,
IN-01330,ERP_VENDORS,Baykarfoood Ltd,"103B Bridgend Road, Aberkenfig, Bridgend",CF32 9AP,UK,,
IN-01331,CRM,BEVINGTON SECURITY SOLUTIONS LTD,"57 flat 2, 57 digbeth high st, birmingham",b5 6da,UNITED KINGDOM,,
IN-01332,CRM,A & G Developments (Yorkshire) Limited,"the cottage, low gatherley moulton, richmond",DL106QH,,,
IN-01333,WEB_FORM,61 Vale Road,,,,,GB-542-3821-76
IN-01334,CRM,B Lasb Limited,"OLD LINEN COURT, 83-85 SHAMBLES STREET, BARNSLEY",S70 2SB,,,
IN-01335,ERP_VENDORS,Binbusters Of Cheshire,"6 BOOTH ROAD, WILMSLOW",SK9 4EA,UK,,GB-741-7919-69
IN-01336,WEB_FORM,Acorn Dental Training Limited,"95 Seven Sisters Road, London",N7 7QP,,,
IN-01337,WEB_FORM,101 Filmms Limited,"16/18 Beak Street, London",W1F 9RD,ENGLAND,,
IN-01338,ERP_VENDORS,Alpha Bravo Trading,,,GB,https://alphabravotrading.co.uk/about,
IN-01339,WEB_FORM,ADVANCED BREAST CLINICALDIAGNOSTTICS Ltd,"C/O Capitax & Co (Tax Consultants) Ltd Cuckoo Wharf, 427 Lichfield Rd, Birmingham",B67SS,UK,,
IN-01340,ERP_VENDORS,Artway,,,GB,,GB-093-8710-36
IN-01341,CRM,Aksheram Ltd,"16 EASTLEA AVENUE, WATFORD",WD25 9DG,UNITED KINGDOM,,
IN-01342,CRM,AWORX COMMERCIAL MAINTENANCE Ltd.,"40 Singer Way, Kempston, Bedford",MK42 7AF,United Kingdom,,
IN-01343,WEB_FORM,ALI PROJECT SVCS LTD,"43 BEN JONSON ROAD, LONDON",E1 4SA,,,
IN-01344,ERP_VENDORS,BINTANGHOMES LIMITED,"Flat 15 Lapwing Court, Lapwing Lane, Manchester",M20 2WT,GB,,
IN-01345,CRM,Bh Community London,"5 YORK STREET, 2ND FLOOR, LONDON",W1U 6PD,UK,,910 4688 10
IN-01346,CRM,Baken Accountants B.V.,"Office 1 Apollo Business Centre, Becksyke Farm, Osgodby",YO8 5HX,Verenigd Koninkrijk,,
IN-01347,CRM,23 HOEMS LIMITED,72 ryder st,CF119BU,United Kingdom,,
IN-01348,WEB_FORM,Brown Bear Creative,,,,,371500430
IN-01349,CRM,Abc Plymouth,"46 MAYFLOWER STREET, PLYMOUTH",PL1 1QX,UK,,GB-289-8797-01
IN-01350,CRM,ARDUNTGAMES LP Ltd,"64A Cumberland St, Edinburgh",EH3 6RE,,,
IN-01351,ERP_VENDORS,ARA NEOOS LIMITED,"30 London Rd, Sawbridgeworth CM21 9JS",,United Kingdom,,
IN-01352,CRM,Aaa Resin&High Pressure Cleaning Ltd,"viking ho falcon ct, preston farm, stockton",TS183TS,UK,,
IN-01353,CRM,ACTIVE SOLUTIONS,"Stable House The Whins, Sabden, Clitheroe",BB7 9HP,GB,,
IN-01354,CRM,Bogbain Trading Lp,"4Th Floor, 115 George St, Edinburgh",EH2 4JN,United Kingdom,,
IN-01355,ERP_VENDORS,Avib City Construction Ltd,"45 Twist Way, Slough",SL22AY,GB,,
IN-01356,ERP_VENDORS,Bridge Petroleum 3,,,GB,info@bridgepetroleum3.co.uk,
IN-01357,ERP_VENDORS,B2B Marketing,"LATHKILL DALE DALE ROAD, OVER HADDON, BAKEWELL",DE45 1JE,GB,info@b2bmarketing.co.uk,
IN-01358,WEB_FORM,A Mitchell Interiors,,,UK,info@amitchellinteriors.uk,
IN-01359,WEB_FORM,116 Cs,,,ENGLAND,,gb 473743292
IN-01360,WEB_FORM,Akid Flooring,,,United Kingdom,info@akidflooringservices.com,
IN-01361,ERP_VENDORS,Big Jim'S Trim'S,"9 STATION PARADE, UXBRIDGE ROAD, LONDON",W5 3LD,UK,info@bigjimstrims.com,
IN-01362,WEB_FORM,Aralex,,,UK,,GB-441-6411-47
IN-01363,WEB_FORM,A1 Zero Carbon Ltd,"international ho pant ind. est., dowlais, merthyr tydfil",CF48 2SR,GB,www.a1zerocarbon.co.uk,
IN-01364,ERP_VENDORS,Bromo Property LIMITED,"941 Longbridge Road, Dagenham",RM8 2BU,ENGLAND,,
IN-01365,ERP_VENDORS,23 CITY ROAD Ltd.,"Unit 19 Mitchell Point Ensign Way, Hamble, Southampton",SO31 4RF,United Kingdom,,
IN-01366,CRM,ASKLIPEIOS LTD,"Queen St Chambers, Sheffield",S11WR,GB,,
IN-01367,WEB_FORM,Acute Training,"FRAZER BUILDING 126 BUTE STREET, CARDIFF BAY, CARDIFF",CF10 5LE,United Kingdom,,GB 875 5165 95
IN-01368,CRM,7 Gag Ltd,"2 BISHOPS PARK, THORNTONHALL, GLASGOW",G74 5AF,UNITED KINGDOM,,
IN-01369,WEB_FORM,Bayes Air Conditioning Limited,"12 Fairwood, Coate, Swindon SN3 6DG",,GB,,
IN-01370,ERP_VENDORS,Adm Property (Scotland),"1 Cambuslang Court, Cambuslang, Glasgow",G32 8FH,UK,,
IN-01371,ERP_VENDORS,BASIS RESEARCH Limited Company,"264 BANBURY ROAD, OXFORD",OX2 7DY,,,
IN-01372,CRM,Boswellcourt Limited,"9TH FLOOR, 26 ELMFIELD ROAD, BROMLEY",BR1 1LR,UK,,
IN-01373,CRM,"ARMINIUS REALESTATE OPPOTRUNITY FUND II, L.P.","2Nd Floor 43, Whitfield Street, London",W1T 4HD,United Kingdom,,
IN-01374,ERP_VENDORS,Bridge House Narrowboat,,,UNITED KINGDOM,https://www.bridgehousenarrowboat.co.uk/,
IN-01375,ERP_VENDORS,Boss Your Data,"20 Wenlock Road, London",N1 7GU,ENGLAND,https://bossyourdata.co.uk/about,
IN-01376,CRM,AMSAKI LTD,"08652845 - COMPANIES HOUSE DEFAULT ADDRESS, CARDIFF",CF14 8LH,UK,,
IN-01377,CRM,Aia Homes,"GROUND FLOOR OAKHURST HOUSE, 77 MOUNT EPHRAIM, TUNBRIDGE WELLS",TN4 8BS,,,GB 781571711
IN-01378,ERP_VENDORS,Aquarius Management,,,United Kingdom,,GB 663 6090 08
IN-01379,CRM,AIROW DEFENCE DEPLOYMENT Ltd.,"Mains House, 143 Front Street, Chester Le Street",DH3 3AU,United Kingdom,,
IN-01380,WEB_FORM,Alt Asset Finance Limited Company,"CNC HOUSE, FINMERE, BUCKINGHAM",MK18 4AR,United Kingdom,,
IN-01381,WEB_FORM,BEACON EDUCATIONAL TRUST LIMITED (THE) Ltd,"THE BEACON AMERSHAM ROAD, CHESHAM BOIS, AMERSHAM",HP6 5PF,,,
IN-01382,WEB_FORM,Ap Agrecultural Limited,"21 Unity Way, Talke, Stoke-On-Trent",ST7 1RU,,,
IN-01383,ERP_VENDORS,BEECHTOPUQUERRY Ltd.,"11 Bancroft, Hitchin SG5 1JQ",,ENGLAND,,
IN-01384,CRM,Abc Makets,"76A St. Georges Rd, Hull",HU3 6EJ,UK,,
IN-01385,ERP_VENDORS,1962 Ltd,"9 BRYONY GARDENS, GILLINGHAM",SP8 4TR,ENGLAND,,
IN-01386,ERP_VENDORS,101 COLES GREEN ROAD Ltd.,"11/12 HALLMARK TRADING CENTRE, FOURTH WAY, WEMBLEY",HA9 0LB,,,
IN-01387,WEB_FORM,A & C George,,,United Kingdom,aandcgeorge.com,
IN-01388,WEB_FORM,A.C. Technology Systems,"OAKLEY HOUSE, TETBURY ROAD, CIRENCESTER",GL7 1US,GB,,GB-392-4601-00
IN-01389,WEB_FORM,BIRMINGHAM OFFICESUPPLIES & FURNITURE Limited Company,"3 woodstock crescent, dorridge, solihull",B93 8DA,United Kingdom,,
IN-01390,WEB_FORM,AFGHINBAKERY SOUTHAMPTON LTD,"61 A St. Mary Street, Southampton",SO14 1NT,ENGLAND,,
IN-01391,CRM,Bournecoast,"26 SOUTHBOURNE GROVE, SOUTHBOURNE, BOURNEMOUTH",BH6 3RA,United Kingdom,,
IN-01392,ERP_VENDORS,AGS GP LIMITED,"C/O Accountanova Ltd Bromley Old Town Hall, 30 Tweedy Road, Bromley",BR1 3FE,UK,,
IN-01393,ERP_VENDORS,BATH COURIERS Ltd.,"12 The Beeches, Bath",BA2 2UX,United Kingdom,,
IN-01394,CRM,BALLYDOWN MADOWSAPARTMENT LIMITED,"1 Sandys Place, Newry",BT34 1ED,GB,,
IN-01395,WEB_FORM,Transports Flèche Bleue SAS,"56 Guildford Street, Chertsey",KT16 9BE,Royaume-Uni,,
IN-01396,CRM,Ace Filmprodctions Limited Company,72 Mornington Rd,E113BG,ENGLAND,,
IN-01397,CRM,ABC GLAZING & JOOINERY,"384 Wallacewell Rd, Glasgow G21 3RN",,,,
IN-01398,WEB_FORM,Addington Palace Events,"Suite 2A, 95, Wilton Road, London",SW1V 1BZ,ENGLAND,https://www.addingtonpalaceevents.co.uk/,
IN-01399,WEB_FORM,Ajb Care And Safeguardingconsultancy Ltd,"37-39 WESTGATE, THIRSK",YO7 1QR,,,
IN-01400,WEB_FORM,BENCHERS Ltd.,"12 Market Parade, Hampton Road West, Hanworth",TW13 6AL,GB,,
IN-01401,ERP_VENDORS,B A TAIX LTD,"41 GOPSALL STREET, LEICESTER",LE2 0DP,ENGLAND,www.bataxi.co.uk,
IN-01402,CRM,Athletic Football Group LIMITED,"The Old Dairy 12 Stephen Road, Headington, Oxford",OX3 9AY,,,
IN-01403,ERP_VENDORS,BIG OAK (KENT) LIMITED,"C/O Axis Travel Marketing Ltd, Riverside House, River Lawn Road",TN9 1EP,ENGLAND,,
IN-01404,ERP_VENDORS,A & I Growth,,,GB,,GB 046332300
IN-01405,CRM,AMARVINEPROPS Ltd,"Pembroke Lodge, Cavendish Rd, Chester CH4 8JN",,United Kingdom,,
IN-01406,WEB_FORM,BIRCH LEGACY HOLDINGS,"17 Legh Road, New Ferry, Wirral",CH62 1AX,GB,,
IN-01407,ERP_VENDORS,Boss Your Data Ltd.,"20 WENLOCK ROAD, LONDON",N1 7GU,United Kingdom,,
IN-01408,WEB_FORM,BRNDWALL LTD,"SUITE 6, 21, ANCHOR STREET, SOUTHPORT",PR9 0UT,,,
IN-01409,ERP_VENDORS,3Cringlemire Ltd,"3 Cringlemire, Holbeck Lane, Windermere",,,,
IN-01410,ERP_VENDORS,AHP CREATIVVE LIMITED,"6Th Floor Gordon Chambers, Glasgow",G13NQ,SCOTLAND,,
IN-01411,WEB_FORM,B R S M Birckwork Ltd,"21 Harland Avenue, Sidcup",DA15 7NU,ENGLAND,,
IN-01412,ERP_VENDORS,Albenmedical Svcs Limited,"Wessex House, Teign Road, Newton Abbot",TQ12 4AA,United Kingdom,,
IN-01413,WEB_FORM,BOB SHOP B6 SPARKBROOK LIMITED,"348 Ladypool Road,, Birmingham",B12 8JY,United Kingdom,,GB622724778
IN-01414,WEB_FORM,Andrew Wicks Creative,"5 BLAKE ROAD, HERMITAGE, THATCHAM",RG18 9WN,UK,https://andrewwickscreative.co.uk/about,
IN-01415,WEB_FORM,1ST CHOICE SPEAKERS UK Ltd.,"MERCURY HOUSE, 19-21 CHAPEL, STREET, MARLOW, BUCKINGHAMSHIRE",SL7 3HN,GB,www.1stchoicespeakersuk.com,
IN-01416,CRM,A Little Bit Of Beauty Ltd,"18 Riseton St, Winsford CW7 3SX",,,,
IN-01417,CRM,BREMCO WHOLESLE LIMITED,"Rourke Ho, Watermans Bus. Park, Staines-Upon-Thames",tw18 3ba,GB,,
IN-01418,WEB_FORM,Babe Creative,"Flat 33, Hulford Apartments, 445 Woolwich Road, London",SE7 7FY,ENGLAND,https://babecreative.co.uk/about,
IN-01419,WEB_FORM,ALL CAR BUYRS Ltd.,"Brook Ho, Moss Grove, Kingswinford",DY69HS,,,
IN-01420,WEB_FORM,AREEB PROPERTY HOLDING COMPANY LIMITED,"Craigmuir Chambers Po Box 71, Rd Town, Tortola",vg1110,UK,,
IN-01421,CRM,ASPIRE IMMIGRATION Ltd.,"61A Friargate, Preston",PR1 2AT,UK,,
IN-01422,WEB_FORM,Baytul Imaanah,"30 ROLAND ROAD, BIRMINGHAM",B19 1RS,ENGLAND,WWW.BAYTULIMAANAH.CO.UK,
IN-01423,WEB_FORM,AMASKI LIMITED,"08652845 - Companies House Default Address, Cardiff",CF14 8LH,,,
IN-01424,WEB_FORM,Atlas Assured Properties,"20 Wenlock Road, London",N1 7GU,United Kingdom,,GB-343-0729-22
IN-01425,CRM,Bailinogrp,"27 Hollywood Rd, London SW10 9HT",,,,
IN-01426,CRM,Branar Trans,,,GB,shop.branartrans.co.uk,
IN-01427,WEB_FORM,Barrhead Utility Services Limited,"21 forbes place, paisley",PA11UT,UK,,
IN-01428,CRM,BLESTA CLUB LTD,"29 Church St, Digby",LN43LZ,ENGLAND,,
IN-01429,ERP_VENDORS,Aencast Limited,"Three Gables, Corner Hall, Hemel Hempstead",HP3 9HN,United Kingdom,,
IN-01430,ERP_VENDORS,Bretts Of Canterbury,"120 ST STEPHENS ROAD, CANTERBURY",CT2 7JS,GB,,683919766
IN-01431,CRM,ALANFISHERIES,"165 Brook St, Broughty Ferry, Dundee DD5 1DJ",,UK,,
IN-01432,ERP_VENDORS,A. AND M. HAADFIELD (FUNERAL DIRECTORS) LIMITED,"247 BURTON ROAD, MONK BRETTON, BARNSLEY",S71 2QE,United Kingdom,,
IN-01433,ERP_VENDORS,Bestco Food Ltd,"41 sunnybank ln, bradford BD3 7DG",,UK,,
IN-01434,ERP_VENDORS,Brik Originals Ltd,"66 Paul St, London EC2A 4NA",,United Kingdom,,
IN-01435,CRM,Armour Buildingmaintenace Limited,"Unit C10 Basepoint 110 Butterfield, Great Marlings, Luton",LU2 8DL,ENGLAND,,
IN-01436,CRM,Bgw Inspection,,,ENGLAND,shop.bgwinspection.co.uk,
IN-01437,ERP_VENDORS,Arrchivist 1Of1 Ltd,"16 JOHN ROAD, LYMM",WA13 0EJ,GB,,
IN-01438,ERP_VENDORS,Arelix Property,,,,https://arelixproperty.com/about,
IN-01439,CRM,Appleby Risk,"KEMP HOUSE, 152-160 CITY ROAD, LONDON",EC1V 2NX,GB,https://applebyrisk.co.uk/about,
IN-01440,ERP_VENDORS,BATTIRSEA POWERSTATION ESTATES LTD,"No. 1 Village Courtyard, Circus West Village, London",sw11 8ah,UNITED KINGDOM,,
IN-01441,ERP_VENDORS,Babe Creative,"Flat 33, Hulford Apartments, 445 Woolwich Road, London",SE7 7FY,United Kingdom,,GB 382 6939 28
IN-01442,CRM,69 EATON PLACE FREEHOLD Ltd.,"Best Gapp, 81 Elizabeth Street, London",SW1W 9PG,UNITED KINGDOM,,
IN-01443,WEB_FORM,ARTEMIS BUSINESS CONSULTING LIMITED,"16 shorelands, carrickfergus BT38 8FB",,NORTHERN IRELAND,,
IN-01444,CRM,Bajwabrothers Trans Ltd,"27 Oulton Drive, Wolverhampton",WV10 6FH,GB,,
IN-01445,CRM,Angllo Cam Limited,"13 ARKLEY ROAD, LONDON",E17 7PD,United Kingdom,,
IN-01446,WEB_FORM,Acps+,,,GB,,gb 193297052
IN-01447,CRM,AAL LAVITA Ltd,"16 Old Rectory Gardens, Cheadle SK8 1BX",,United Kingdom,,
IN-01448,ERP_VENDORS,BK SCOTSWOD L.L.P.,"The Waterfront, Doncaster",DN4 5PL,GB,,
IN-01449,CRM,8POWER,"future bus. centre, cambridge",cb4 2hy,UK,,
IN-01450,CRM,BRIN CONSULTING Limited,"22 Aviary House, 23 Wilfred Street, London",SW1E 6PR,ENGLAND,,
IN-01451,CRM,Ahp Coonstruction Limited,"1 Park Lane, Chadwell Heath, Romford",RM6 4LA,United Kingdom,,
IN-01452,ERP_VENDORS,Bridge House Narrowboat,"76 HIGH STREET, BRIERLEY HILL",DY5 3AW,United Kingdom,,GB 043 6829 95
IN-01453,WEB_FORM,AMEGIERA LTD,"84 COUNTESS WAY, BROUGHTON, MILTON KEYNES",MK10 7DX,ENGLAND,,
IN-01454,ERP_VENDORS,ALLEGROINDUSTRIIAL PLANNING LTD,"Suite A, 82 James Carter Road, Mildenhall",,,,
IN-01455,ERP_VENDORS,A TOVAGLIARI HOLDINGS LTD,"Unit 1, Archant Ho, Totnes",TQ95JA,UK,,
IN-01456,WEB_FORM,BIG PICTUREEDUCATION,"9 Strixton Manor Bus. Centre Strixton Village, Wellingborough",NN297PA,,,
IN-01457,ERP_VENDORS,Booini Diagnostics Ltd,"BOOINI DIAGNOSTICS LTD., 124 CITY ROAD, LONDON",EC1V 2NX,UK,,
IN-01458,WEB_FORM,3LEAF CLOOVER Limited,"276 Chase Rd, Suite 7-0381 Lonsto Ho",N146HA,,,
IN-01459,CRM,AMBER BIDCO,"Riverside Three Albert Wharf, 22 Hester Road, London",SW11 4AN,GB,,
IN-01460,ERP_VENDORS,ADLINGTON ETSATES LTD,"Adlington Ho, Alexandria Way, Congleton",CW12 1LB,,,
IN-01461,CRM,BIG BROTHERS BIG SISTERS UK FOUNDATION,"6 Wingfield Cl, Ewelme, Wallingford OX10 6JY",,UK,,
IN-01462,WEB_FORM,Bob Sop B6 Sparkbrook Ltd,"348 Ladypool Road,, Birmingham",B12 8JY,UK,,
IN-01463,WEB_FORM,Belvederuvantage Limited,"Vantage Point House Silverhills Road, Decoy Industrial Estate, Newton Abbot",TQ12 5ND,GB,,
IN-01464,WEB_FORM,Blauer Fuchs Transporte GmbH,"Endeavour House, Saville Road, Peterborough",PE3 7PS,Vereinigtes Königreich,,
IN-01465,ERP_VENDORS,Betpal Holdings,,,GB,info@betpalholdings.co.uk,
IN-01466,ERP_VENDORS,B A TAXE LTD,"41 GOPSALL STREET, LEICESTER",LE2 0DP,GB,,GB473524747
IN-01467,ERP_VENDORS,24CARSPARES Limited,"128 City Rd, London",EC1V 2NX,UNITED KINGDOM,,
IN-01468,ERP_VENDORS,Adamson International,"1 Manor Court, 6 Barnes Wallis Road, Fareham",PO15 5TH,ENGLAND,,GB-839-5140-13
IN-01469,CRM,Arcadium,"45 Oatfield Gardens, Leighton Buzzard",,UK,,GB-801-8032-39
IN-01470,CRM,Beeches Catering Services Limited - The,"41 LISBURN ROAD, BALLYNAHINCH, CO DOWN",BT24 8TT,United Kingdom,https://www.beechescateringservices.co.uk/,
IN-01471,WEB_FORM,BEC ENGINEERING & DESIGN LIMITED,"manor rd, mancetter, atherstone",cv9 1rj,UK,,
IN-01472,ERP_VENDORS,ASEGE LABS,"Asege Labs Ltd. 167-169 Great Portland Street, 5Th Floor, London",W1W 5PF,,,
IN-01473,CRM,AUDAX CLOTHING LTD,"38 Devonshire St, Keighley BD21 2AU",,United Kingdom,,
IN-01474,ERP_VENDORS,Bfm Fashions Enterpries Limited,"22 CAMPBELL TERRACE, STOKE-ON-TRENT",ST1 6LS,,,
IN-01475,ERP_VENDORS,AERA TECHNOLOGY,"Suite 1, 7Th Floor, 50 Broadway, London",SW1H 0BL,UK,,
IN-01476,ERP_VENDORS,Brisket Shack,"71-75 Shelton Street, Covent Garden, London",WC2H 9JQ,,,840 8696 35
IN-01477,CRM,Angelika Elevate,"20-22 WENLOCK ROAD, LONDON",N1 7GU,GB,,gb 004976061
IN-01478,WEB_FORM,Allducts Maintenance Serviecs Ltd,"92 Friern Gardens, Wickford",SS12 0HD,UK,,
IN-01479,CRM,Anncovia Ltd,"124 CITY ROAD, LONDON",EC1V 2NX,United Kingdom,,GB552131867
IN-01480,WEB_FORM,Bletherhealh Ltd,"11 Crawfurd Gardens, Glasgow",G734JP,GB,,
IN-01481,WEB_FORM,54 Amersham Hill Management Company,"54 Amersham Hill, Amersham Hill, High Wycombe",HP13 6PQ,UK,,
IN-01482,ERP_VENDORS,Ali Transport,"Access House, 141 Morden Road, Mitcham",CR4 4DG,United Kingdom,WWW.ALITRANSPORTSERVICES.CO.UK,
IN-01483,WEB_FORM,9 Eggs Ltd.,"11 De Grey Square, De Grey Rd CO4 5YQ",,,,
IN-01484,WEB_FORM,A.B.S. Corporate Lp,,,UK,WWW.ABSCORPORATE.CO.UK,
IN-01485,WEB_FORM,AUOT DNA,"19 Hawes Place, Newton Aycliffe DL5 7ED",,,,
IN-01486,WEB_FORM,Abi'S Har And Beauty Limited,935 Brighton Rd,CR82BP,United Kingdom,,
IN-01487,WEB_FORM,Beeches Estates Limited,"The Rustlings La Giffarderie, Castel",GY57HN,UK,www.beechesestates.com,
IN-01488,CRM,Argyll Fast Food,"Unit 3/4, 37 Rosyth Road, Glasgow",G5 0YD,GB,https://www.argyllfastfood.co.uk/,
IN-01489,CRM,Aymes Porjects Limited,"29-31 HIGH STREET, FORDINGBRIDGE",SP6 1AS,,,GB568526213
IN-01490,ERP_VENDORS,Abstract Sourcing And Trading,"Britannia Court, 5 Moor Street, Worcester",WR1 3DB,ENGLAND,,GB 220 4385 14
IN-01491,CRM,Africancrissing Ltd.,"119 Edenbridge Rd, Enfield EN1 2HU",,,,
IN-01492,CRM,3R INCORPRATED LIMITED,"C/O Turcan Connell Princes Exchange, 1 Earl Grey Street, Edinburgh",EH3 9EE,UK,,
IN-01493,CRM,Blck Cat Visuals Ltd,"83B QUEENS AVENUE, LONDON",N20 0JB,,,
IN-01494,WEB_FORM,1111 Clarendon W Colchestter (Leaseco) Limited,"Unit A, Brook Park East, Shirebrook",NG20 8RY,,,
IN-01495,WEB_FORM,ATLASWHOLESALE Limited,"Flat 13 Methven Ct, London",N9 0TP,GB,,
IN-01496,ERP_VENDORS,Aldridgifabrications (Af),Mount Rd WS7 0AX,,United Kingdom,,
IN-01497,ERP_VENDORS,BREAK YOUR LIMITS LTD,"31 Bromley Rd, London",N17 0AR,United Kingdom,,
IN-01498,WEB_FORM,Abn Assetts Ltd,"17 Stow Park Circle, Newport",np20 4hf,,,
IN-01499,WEB_FORM,Browning Pfi Holdings 2014 Limited,"Alder Castle, 10 Noble St, London EC2V 7JX",,,,
IN-01500,CRM,ACR 100 LIMITED,143 Eastfield Rd PE1 4AU,,United Kingdom,,
IN-01501,WEB_FORM,1St Coverall Holdings,"2ND FLOOR, MARITIME PLACE QUAYSIDE, CHATHAM MARITIME, CHATHAM",ME4 4QZ,GB,shop.1stcoverallholdings.co.uk,
IN-01502,WEB_FORM,Blw Fabrication,"101 BRIDGE ROAD, LOWESTOFT",NR32 3LN,GB,info@blwfabrication.com,
IN-01503,ERP_VENDORS,ADS PURCHASE & SUPPLY LIMITED,"40 Centenary Bus. Centre, Nuneaton",CV11 6RY,GB,www.adspurchaseandsupply.com,
IN-01504,ERP_VENDORS,Alpha Bravotrading Ltd,"Flat 137-138 St Mary St, Southampton",SO14 1NS,GB,,
IN-01505,CRM,Brilliant Textile,,,UK,,926113037
IN-01506,CRM,Heldere Tuinploeg B.V.,"226 Adams Hill, Birmingham",B32 3PJ,Verenigd Koninkrijk,,
IN-01507,CRM,Fortschrittliche Vertriebslogistik GmbH,"Alpha 6, Masterlord Office Village West Road, Ransomes Europark, Ipswich",IP3 9SX,Vereinigtes Königreich,,
IN-01508,CRM,Bhp Property Group,"29 NEW BROADWAY, MIDDX, HILLINGDON",,,,GB 281 4776 05
IN-01509,WEB_FORM,BRITT REALESTATAS LIMITED,"37 Hamstead Hall Rd, Birmingham",B20 1HT,GB,,
IN-01510,WEB_FORM,Alexandra Health Care,"ALEXANDRA HOUSE, INFIRMARY ROAD, CHESTERFIELD",S41 7NF,,,
IN-01511,ERP_VENDORS,BHDNHLDING Ltd.,10B Lyon Way,UB6 0BN,UNITED KINGDOM,,
IN-01512,ERP_VENDORS,AG CONSTRUCTION PROJECTS,"24 OSWALD ROAD, CHORLTON CUM HARDY, MANCHESTER",M21 9LP,UK,,
IN-01513,WEB_FORM,Ak Caef Limited,"CIBO BLACKBURN ROAD, EGERTON, BOLTON",BL7 9SB,United Kingdom,,
IN-01514,WEB_FORM,Alfa Physio Clinic,,,GB,WWW.ALFAPHYSIOCLINIC.CO.UK,
IN-01515,ERP_VENDORS,BIDEFORD SPICE LIMITED,"19 Bridgeland St, Bideford",EX39 2QE,United Kingdom,,
IN-01516,WEB_FORM,Acps+,"29 Whitegate Drive, Whitegate Drive, Blackpool",,United Kingdom,,
IN-01517,CRM,AVIEMON TRADING LP Ltd,"39/5 GRANTON CRESCENT, EDINBURGH",EH5 1BN,GB,,
IN-01518,CRM,Asl Group London,"Unit 12-13 Victoria Industrial Park, Victoria Road, Dartford",DA1 5AJ,ENGLAND,,GB 448 8448 09
IN-01519,ERP_VENDORS,Adams Streeetpartners Uk Llp,"1 Great Cumberland Place, 7Th Floor, London",W1H 7AL,ENGLAND,,
IN-01520,WEB_FORM,ABBEEYTYRE CO. (CAMBRIDGE) Ltd.,"ba bush & son, station yard",LN95AQ,,,
IN-01521,CRM,8POWER Ltd,"future bus. centre, cambridge",CB4 2HY,ENGLAND,,
IN-01522,CRM,BALL AND SOCKET LIMITED,"2 frederick st, kings cross, london",WC1X0ND,UK,,
IN-01523,ERP_VENDORS,8 Back Morecambe Street Management Company,"62 Park Road, Lancaster",LA1 3EN,United Kingdom,,GB 418 5807 45
IN-01524,CRM,4303 Events Limited Company,"38 WHITEFIELD ROAD, STOCKTON HEATH, WARRINGTON",WA4 6LZ,United Kingdom,,
IN-01525,ERP_VENDORS,Ask Leoda Ltd,"122 WEST END, COSTESSEY, NORWICH",NR8 5AN,United Kingdom,,
IN-01526,ERP_VENDORS,Antany Masondecorators Ltd.,"16 Vauban Dr, Salford",M68ET,GB,,
IN-01527,WEB_FORM,BALTHAZAR GD LTD,"4/2 Boyds Entry, Edinburgh EH1 1SY",,SCOTLAND,,
IN-01528,ERP_VENDORS,AKROTERIA LIMITED,"3 Castlegate, Grantham",NG31 6SF,,,
IN-01529,WEB_FORM,Ashwoud Partnerships Ltd,"23 Farnworth St, Widnes",WA89LH,GB,,
IN-01530,CRM,BELL PHILLIPS ARCHITECTS Ltd.,"5 Technology Park, Colindeep Lane, Colindale",NW9 6BX,United Kingdom,,
IN-01531,WEB_FORM,Alpha Archery Ltd,40 Speckled Wood Rd,RG249SR,,,GB999389989
IN-01532,WEB_FORM,Blauwe Hemel Commerciële Schoonmaak B.V.,"19-21 Main Road, Gedling, Nottingham",NG4 3HQ,Verenigd Koninkrijk,,
IN-01533,WEB_FORM,AVANTICAHOUSES LTD,"ISGOED SHINFIELD ROAD, SHINFIELD, READING",RG2 9BN,United Kingdom,,
IN-01534,ERP_VENDORS,African Crossing,,,United Kingdom,https://www.africancrossing.com/,
IN-01535,WEB_FORM,Bright Accounting Ltd.,"1 Hawden Road, Tonbridge",TN9 1JN,UK,,
IN-01536,WEB_FORM,7 GAG LTD,"2 Bishops Park, Thorntonhall, Glasgow",G74 5AF,GB,,GB081647133
IN-01537,CRM,Anglo Cam,"13 Arkley Road, London",E17 7PD,United Kingdom,www.anglocam.com,GB258247113
IN-01538,ERP_VENDORS,Am Prime Constr Ltd,"9 SPINNAKER CLOSE, BARKING",IG11 0GS,UNITED KINGDOM,,
IN-01539,CRM,Auutocred Ltd,"UNIT 20 NEW ROAD, NOAKS INDUSTRIAL ESTATE, WENNINGTON, RAINHAM",RM13 9EB,UK,,
IN-01540,CRM,BROOKERDEVELAPMENTS Limited Company,"unit 5 warren park way, leicester",LE194SA,GB,,
IN-01541,CRM,Bethcorp,,,,info@bethcorp.co.uk,
IN-01542,CRM,Al Fornobangor Ltd,"319 High Street, Bangor",LL57 1YA,United Kingdom,,
IN-01543,CRM,BRIGHT GARDENCREEW Ltd.,226 Adams Hill,B323PJ,UK,,
IN-01544,CRM,Construcciones Acero Azul S.L.,"Riverside House, Newnham Bridge, Umberleigh",EX37 9EU,Reino Unido,,
IN-01545,CRM,ACVENTURE LTD,"9 Orchard Drive, Littlestone, New Romney",TN28 8SE,UK,,
IN-01546,ERP_VENDORS,ACOUSTIC CALIBRATION SERVICES,"Building 18, Gateway 1000 Whittle Way, Arlington Business Park, Stevenage",SG1 2FP,,,
IN-01547,WEB_FORM,Bashir Enterprises Ltd.,"11 Cumberland Road, West Bromwich",B71 1HP,,,
IN-01548,CRM,19 Whitehall Prk London N19 Limited,"19 Whitehall Park, London",,UK,,
IN-01549,ERP_VENDORS,376 Durnsford Road Management Company Limited,376 Durnsford Rd,SW19 8DY,GB,,
IN-01550,CRM,BLNKBYTE Ltd,11 Overton Rd BN13 1FF,,GB,,
IN-01551,ERP_VENDORS,Blossoms Deli Haydock Ltd,"310 clipsley ln, haydock, st. helens WA11 0JQ",,United Kingdom,,
IN-01552,CRM,A-Level Maths Mastery,,,,https://www.alevelmathsmastery.co.uk/,
IN-01553,CRM,5 ARLINGTON VILLAS MANAGEMENT Ltd,"5 ARLINGTON VILLAS, BRISTOL",BS8 2ED,GB,,
IN-01554,WEB_FORM,ALTS PROPERTY Ltd,"BRIDGE HOUSE, 9-13 HOLBROOK LANE, COVENTRY",CV6 4AD,,,
IN-01555,WEB_FORM,Axior Group,,,United Kingdom,,260 6801 08
IN-01556,CRM,ABUNDANT SOLTUIONS LTD,"BRACKLEY HOUSE, 31 CAMPBELL, CLOSE, BUNTINGFORD, HERTFORDSHIRE",SG9 9BY,,,
IN-01557,WEB_FORM,Ansatt Solutions Ltd,"Suite Ra01, 195-197 Wood Street, London",E17 3NU,United Kingdom,,
IN-01558,CRM,Bleep 360 Care,"4 MINSTER COURT 4 MINSTER COURT, TUSCAM WAY, CAMBERLEY",GU15 3YY,,,
IN-01559,ERP_VENDORS,Belta Branding,"Wealth Of Advice Swale House, Mandale Business Park, Durham",,UNITED KINGDOM,shop.beltabranding.com,
IN-01560,CRM,Bakerycourt (Bovingdon) Limited,"Radius House, 51 Clarendon Road, Watford",WD17 1HP,ENGLAND,,
IN-01561,WEB_FORM,ABDULHAIF Ltd,"3 Merthyr Rd, Northampton",nn5 7bt,United Kingdom,,
IN-01562,ERP_VENDORS,114 St Martin'S Lane Ltd,"114 St Martin'S Lane, London",WC2N 4BE,United Kingdom,,
IN-01563,CRM,Autofly Car Services,"96 Beechwood Avenue, Greenford",UB6 9UD,ENGLAND,,
IN-01564,ERP_VENDORS,ADAM SUPER STORE,"142 High Street, Harborne, Birmingham",B17 9NN,ENGLAND,,
IN-01565,WEB_FORM,8 Construction Management,,,GB,,382 1057 05
IN-01566,WEB_FORM,Bakeup Beauty,"128 CITY ROAD, LONDON",,UNITED KINGDOM,,148 1475 88
IN-01567,WEB_FORM,Abc Plymouth,,,UK,,289879701
IN-01568,CRM,Armstrong Hr Ltd,"6 Crofthead Rd, Prestwick KA9 1HW",,,,
IN-01569,ERP_VENDORS,Atlantic Tax Advisory Services,,,UK,,825 6276 92
IN-01570,WEB_FORM,Aitchison Evans Consultancy Limited,"30 St. Giles, Oxford",OX1 3LE,,,
IN-01571,ERP_VENDORS,14 York Avenue Management Limited,"14 York Ave, Hove, East Sussex",BN31PH,,,
IN-01572,CRM,Bedford Accumulator Company,,,,shop.bedfordaccumulator.co.uk,
IN-01573,ERP_VENDORS,Aj Holdings Group Limited,"Sa12 Bus. Centre Baglan Energy Park, Port Talbot",SA127BR,UK,,
IN-01574,CRM,BOULTONWAREHIUSE LTD,"90 St. David Road, Wirral",CH62 0BT,ENGLAND,,
IN-01575,CRM,AA MIDLANDS SVCS Limited,"6 Marvyn Cl, Nottingham",NG69FJ,ENGLAND,,
IN-01576,ERP_VENDORS,ABCOELEC DISTRIBUTORS Ltd,"19 West Way, Broadstone",BH18 9LW,GB,,
IN-01577,ERP_VENDORS,As-Suffa Trust,,,UK,https://assuffatrust.co.uk/about,
IN-01578,WEB_FORM,Alea Risk Limited,"Office 20, Cp Ho, Watford",WD258HR,ENGLAND,,
IN-01579,ERP_VENDORS,ADS DRILLING MIDLANDS LTD.,"the mill, kingsteignton rd, newton abbot",tq12 2qa,UK,,
IN-01580,WEB_FORM,A M R Lester LTD,"5 WINTERBORNE MEADOWS, WINTERBORNE KINGSTON, BLANDFORD FORUM",DT11 9FB,GB,,
IN-01581,CRM,300 Yards Of Film,,,United Kingdom,WWW.300YARDSOFFILM.CO.UK,
IN-01582,CRM,Bouals Props Ltd,"5 BARTLEY GARDENS, CALVERTON, NOTTINGHAM",NG14 6RG,ENGLAND,,
IN-01583,WEB_FORM,BARRY ROAD MNAAGEMENT COMPANY LIMITED,"78C BARRY ROAD, LONDON",SE22 0HP,UK,,
IN-01584,CRM,Bath Couriers Ltd.,"12 THE BEECHES, BATH",,GB,,
IN-01585,WEB_FORM,Bgtf Proton Holdings Limited,"Level 25 1 Canada Square, Canary Wharf, London E14 5AA",,United Kingdom,,
IN-01586,ERP_VENDORS,BACARO 21 LIMITED,Ironside Ho Canutes Pavilion Car Park,SO143TN,,,
IN-01587,WEB_FORM,61 Vale Road,,,UK,,gb 542382176
IN-01588,CRM,BLACKPOOL PRROMOTIONS (USA) LTD,"C/O Mclaughlin Crolla Llp, 77/2 Hanover St, Edinburgh",eh2 1ee,GB,,
IN-01589,ERP_VENDORS,A T Joinery And Construction Ltd,"17 GLENEAGLES, DERRY",BT48 7TE,United Kingdom,,
IN-01590,WEB_FORM,Balkrishn,,,UK,,470 6288 28
IN-01591,CRM,Bbbn,"132 Soho Road, Birmingham",B21 9LN,United Kingdom,,966360955
IN-01592,WEB_FORM,B AND P HEALTHCARE Ltd,"17 Dorset Avenue, Southall",UB2 4HF,UK,,
IN-01593,CRM,BOROHAYES AMNEITYCOMPANY LIMITED,"35 Forder Meadow Forder Meadow, Moretonhampstead, Newton Abbot",,GB,,
IN-01594,WEB_FORM,All4Spread Consaltants Limited,"Demsa Accounts 565 Green Lanes, Haringey, London",N8 0RL,ENGLAND,,
IN-01595,CRM,Ardalu Intl Limited,"SUITE F & G, LEVEL 3 NO 1 BOOTH PARK, CHELFORD ROAD, KNUTSFORD",WA16 8GS,ENGLAND,www.ardaleinternational.com,
IN-01596,CRM,Beaverwood Plelets Limited,"Third Floor, Prospect House, Columbus Quay, Liverpool",L3 4DB,GB,,
IN-01597,CRM,A & L Bps Limited,"Anchor One Studio 16, 1St Floor, Paisley",pa1 1jr,GB,,
IN-01598,WEB_FORM,Browns Taxation & Accountancygrp Limited,"browns accountancy & taxation 2 lords ct, basildon SS13 1SS",,UNITED KINGDOM,,
IN-01599,WEB_FORM,Ajc Homes,,,GB,,gb 193799780
IN-01600,WEB_FORM,Ahp Creative Ltd,"6Th Floor Gordon Chambers, Glasgow",G13NQ,UK,,
IN-01601,CRM,2G2T SOLSN Ltd.,16 Newlyns Meadow,CT157QJ,,,
IN-01602,WEB_FORM,ALUMNELAB LTD,"201 HAVERSTOCK HILL, SECOND FLOOR C/O FKGB, LONDON",NW3 4QG,ENGLAND,,
IN-01603,WEB_FORM,Annanora,"21 Andrews Rd, Reading",RG6 7PJ,,,
IN-01604,WEB_FORM,Barasetprops Limited,"Baraset House Wellesbourne Road, Alveston, Stratford-Upon-Avon",CV37 7RF,,,
IN-01605,ERP_VENDORS,BEFEIZ Limited,"21 hill st, flat 278, haverfordwest",SA61 1QQ,UNITED KINGDOM,,
IN-01606,CRM,Alumnilab,"201 HAVERSTOCK HILL, SECOND FLOOR C/O FKGB, LONDON",NW3 4QG,United Kingdom,,GB-285-4284-89
IN-01607,WEB_FORM,Airsweb Limited,"aldgate tower, london E1 8FA",,UK,,
IN-01608,WEB_FORM,ARBOURUMBRELALS LTD,"15 GRAND MARINE COURT, DURLEY GARDENS, BOURNEMOUTH",,United Kingdom,,
IN-01609,ERP_VENDORS,ATOMX Ltd.,"47 WOODMANCOTE VALE, WOODMANCOTE, CHELTENHAM",GL52 9RJ,UNITED KINGDOM,,
IN-01610,WEB_FORM,BHE (ST JAMES) LTD,3 Barrington Rd WA14 1GY,,GB,,
IN-01611,ERP_VENDORS,Affluence'S London Ltd.,"46 Camden Road, London",NW1 9DR,UK,,
IN-01612,WEB_FORM,Arbuthnotpropreties Limited,"Vistra Corporate Services Centre, Wickhams Cay Ii, Road Town, Tortola",VG1110,"VIRGIN ISLANDS, BRITISH",www.arbuthnotproperties.co.uk,
IN-01613,CRM,BELLAMRIS SERVICES Limited,"C/O Aacsl Accountants Ltd, 1St Floor North Westgate Ho, Harlow",CM201YS,United Kingdom,,
IN-01614,ERP_VENDORS,116 Cs Ltd.,"C/O Virtual Company Secretary Ltd, Woking GU22 7XH",,,,
IN-01615,ERP_VENDORS,Booker Farm Services,"3 The Rowans, Bude",EX23 8PS,United Kingdom,,
IN-01616,CRM,Amspec Ndt Limited,"41 church rd, burton-on-trent",DE13 9BG,ENGLAND,www.amspecndt.co.uk,
IN-01617,CRM,Akorn Consultants,,,GB,https://akornconsultants.com/about,
IN-01618,CRM,Bak. Property,"Flat 8 Allom House, Clarendon Road, London",W11 4JJ,UK,WWW.BAKPROPERTY.COM,
IN-01619,WEB_FORM,Affranchis,,,UK,,GB 429 4362 20
IN-01620,WEB_FORM,Am Graphic Design,"72 Bicester Road, Kidlington",OX5 2LF,UK,WWW.AMGRAPHICDESIGN.CO.UK,
IN-01621,CRM,Bluse Props Ltd,"141 Victoria Road, Swindon",SN1 3BU,UK,,
IN-01622,WEB_FORM,Acute Training Solutions Limited,"Frazer Building 126 Bute St, Cardiff Bay, Cardiff",CF105LE,WALES,,
IN-01623,CRM,Aurum Lux Limited,C/O Williamson & Croft York Ho,M2 3BB,UNITED KINGDOM,,
IN-01624,WEB_FORM,"Akcinebendrove Binkas ""Snoras""","50 Glenview Road, Hemel Hempstead",HP1 1TB,,,
IN-01625,ERP_VENDORS,Ambassador Props Limited,"UNIT 7, 97-101 PEREGRINE ROAD, HAINAULT",IG6 3XH,UK,,
IN-01626,WEB_FORM,ALMACANTAREDDGWARE S.A.R.L,"8-10 Avenue De La Gare, Luxembourg",,GB,,
IN-01627,WEB_FORM,Bavkau Ltd,"5 George Street, Selby",,GB,,
IN-01628,WEB_FORM,Aj Joiners,"1 BURNBRAE, CLYDEBANK",G81 6DD,SCOTLAND,,
IN-01629,ERP_VENDORS,20Twenty Hair And Beauty,,,GB,https://www.20twentyhairandbeauty.co.uk/,
IN-01630,CRM,Ab29 Mainteance Limited,"189 Gristhorpe Road, Birmingham",B29 7SP,,,
IN-01631,ERP_VENDORS,196 PODUCTIONS LIMITED,"Tudor House, 16 Cathedral Road, Cardiff",CF11 9LJ,UK,,
IN-01632,CRM,BLOCARCHITECTURRE LTD,"4 STONEHILL CROFT, SHIRLEY, SOLIHULL",B90 4TD,United Kingdom,,
IN-01633,ERP_VENDORS,2 Diamonds Construction Ltd,"70-72 Victoria Rd, Ruislip",HA40AH,UK,www.2diamondsconstruction.co.uk,
IN-01634,CRM,Blue Sky Accountants Limited,"Innovation Centre Medway, Chatham",ME5 9FD,ENGLAND,,
IN-01635,WEB_FORM,Adamant Homes Limited,"flat e, london",se5 8lr,,,
IN-01636,WEB_FORM,Ayureauto Cars Limited,"500B Great West Road, Hounslow",TW5 0TE,GB,,
IN-01637,WEB_FORM,ADVANTAGESPORTS CONSULTANCY,"12 March Pines, Edinburgh",eh4 3pf,UNITED KINGDOM,,
IN-01638,WEB_FORM,Fortschrittliche Unternehmenssoftware UK GmbH,"9 Malvern Road, Worcester",WR2 4LE,Vereinigtes Königreich,,
IN-01639,CRM,Aphctrk Ltd,"71-75 Shelton St, Covent Garden",WC2H 9JQ,,,
IN-01640,ERP_VENDORS,Beehive & Blossom Ltd,"7 PRINCES SQUARE, HARROGATE",HG1 1ND,ENGLAND,,
IN-01641,WEB_FORM,BARKEBRETHERS LIMITED,"The Clock House, Birlingham, Pershore",,UK,,
IN-01642,ERP_VENDORS,Becker Motors,"34 Bitham Lane, Stretton, Burton On Trent",DE13 0HA,,,
IN-01643,CRM,Bristol Infracare Lift,"Challenge House International Drive, Tewkesbury Business Park, Tewkesbury",GL20 8UQ,UK,,GB-452-2222-46
IN-01644,CRM,Ask The Q Ltd,"43 Merstow Green, Evesham",WR114BB,ENGLAND,,
IN-01645,WEB_FORM,Banty Properties,"Office 303B,, 10 Courtenay Road, East Lane, Wembley",HA9 7ND,GB,info@bantyproperties.uk,
IN-01646,WEB_FORM,Adrian Payne Chimney Sweep Limited,"138 High St, Crediton",EX173DX,,,
IN-01647,WEB_FORM,Atlantic Cove Portstewart Management Company Limited,"armstrong gordon & co, 64 the promenade, portstewart BT55 7AF",,GB,,
IN-01648,WEB_FORM,Britboost Marketing Ltd,"128 city rd, london EC1V 2NX",,UK,www.britboostmarketing.uk,
IN-01649,WEB_FORM,AVA MAE ESTOTES LIMITED,"1 CHURSTON AVENUE, LONDON",,ENGLAND,,
IN-01650,CRM,BAILINO GROUP,"27 Hollywood Road, London",SW10 9HT,ENGLAND,,
IN-01651,WEB_FORM,Aitac Limited Company,"26 MELIOR STREET, LONDON",SE1 3QP,GB,,
IN-01652,CRM,AJW CONSTRUCTIONCONSULTING LIMITED,"206 Collis Street, Stourbridge",DY8 4EQ,ENGLAND,,
IN-01653,WEB_FORM,ASSETROVE Ltd.,"26 AUSTEN ROAD, HARROW",HA2 0UT,ENGLAND,,
IN-01654,CRM,ADAMSON INTERNATIONAL LTD,"1 manor ct, 6 barnes wallis rd, fareham",PO155TH,GB,,
IN-01655,WEB_FORM,101 Fimls Limited Company,16/18 beak st,W1F 9RD,ENGLAND,,
IN-01656,ERP_VENDORS,186 Whitchhurchlane Limited,"ELTHORNE GATE, 64 HIGH STREET, PINNER",HA5 5QA,,,
IN-01657,CRM,Bluestack Projects,"17 PENNINE PARADE, PENNINE DRIVE, LONDON",NW2 1NT,United Kingdom,,GB 561600980
IN-01658,WEB_FORM,5OHO LTD,"68 BUSHWAY, DAGENHAM",RM8 3XD,United Kingdom,,
IN-01659,ERP_VENDORS,3Ntropy,"167-169 Great Portland Street, London",W1W 5PF,United Kingdom,http://3ntropy.com/contact-us,
IN-01660,CRM,AHEARNE PROPERTIES (INVESTMENTS) LIMITED,"46B Tottenham Ln, London",n8 7ed,UK,,
IN-01661,ERP_VENDORS,AVA MAE ESTTES LIMITED,"1 Churston Avenue, London",E13 0RJ,ENGLAND,,
IN-01662,ERP_VENDORS,Align Developments,"44 CROWN ROAD, TICKHILL, DONCASTER",DN11 9PA,United Kingdom,,078 3556 59
IN-01663,CRM,Arralex Limited,"LEICESTER ROAD, LUTTERWORTH, LEICS",LE17 4HB,United Kingdom,,
IN-01664,CRM,Binbusters Of Cheshie Ltd.,"6 booth rd, wilmslow SK9 4EA",,United Kingdom,,
IN-01665,ERP_VENDORS,ARTICUL8 Ltd.,"2 LAUREL VILLAS, LADDINGFORD, MAIDSTONE",ME18 6BY,United Kingdom,,
IN-01666,ERP_VENDORS,A1 Tyres,,,GB,info@a1tyresservices.co.uk,
IN-01667,WEB_FORM,ANN-INTEGRITY PRPERTY SOLUTIONS Limited,"Quay Space, 3Rd Floor, Broad St, Broad St, Birmingham",B1 2HF,,,
IN-01668,ERP_VENDORS,21 Broadwater Down Management Company,"TW BLOCK MANAGEMENT, 34 MONSON ROAD, TUNBRIDGE WELLS",TN1 1LU,UK,,GB 115 0062 28
IN-01669,WEB_FORM,Apex Bespokefitouts LIMITED,"Fulford Ho, Newbold Terrace, Leamington Spa CV32 4EA",,United Kingdom,,
IN-01670,CRM,Ball & Socket Ltd.,"2 Frederick St, London",WC1X0ND,United Kingdom,,
IN-01671,ERP_VENDORS,Beston Servico,,,ENGLAND,shop.bestonservico.uk,
IN-01672,ERP_VENDORS,A2B CATERING EQUIPEMNT Limited Company,"the old police station, west square, maldon",CM95AL,ENGLAND,,
IN-01673,WEB_FORM,Bromley And Harrison Ltd.,"189-193 EARLS COURT ROAD, LONDON",SW5 9AN,,,
IN-01674,WEB_FORM,Avocado Marketing,,,GB,,GB 799175969
IN-01675,WEB_FORM,Abf Surfacing Services,"GOOSE HOUSE RECTORY STREET, BECKINGHAM, LINCOLN",LN5 0RG,ENGLAND,,GB 849170226
IN-01676,CRM,Aiden Lee Contracting,"37 LAMB LANE, BARNSLEY",,,,152 9335 51
IN-01677,CRM,237 & 239 Mersham Road Rtm Company,"237 Mersham Road, Thornton Heath",,United Kingdom,,GB-272-7062-82
IN-01678,ERP_VENDORS,Air Solutions,,,ENGLAND,WWW.AIRSOLUTIONS.COM,
IN-01679,WEB_FORM,ADLIVE SAUDI ARABIA LIMITED,"7 bell yard, london",WC2A 2JR,ENGLAND,,
IN-01680,ERP_VENDORS,And Collectibles Ltd,"11 Market St, Pontypridd CF37 2ST",,United Kingdom,,
IN-01681,CRM,BREATHBIO BIDCO LTD,"BEDFONT SCIENTIFIC LIMITED STATION YARD, STATION ROAD, HARRIETSHAM",ME17 1JA,UK,www.breathbiobidco.uk,
IN-01682,ERP_VENDORS,Black Door Pess Ltd,"51 Halifax Road, Enfield",EN2 0PR,UK,,
IN-01683,CRM,APPLEGARTH AGRIDATA HUB Ltd,"The Vertical Barn, Applegarth Farm Headley Rd, Grayshott, Hindhead",GU26 6JL,,,
IN-01684,CRM,ALLONEX LTD,"SNF 250, YORK HOUSE, 18 YORK ROAD, MAIDENHEAD",SL6 1SF,UK,,
IN-01685,ERP_VENDORS,ASOA CONSULTANCY LIMITED,"Oxford House 15-17, Mount Ephraim Road, Tunbridge Wells",TN1 1EN,ENGLAND,,
IN-01686,WEB_FORM,Beat Ccm Nine,"THE HALLMARK BUILDING, 2ND FLOOR, 52-56 LEADENHALL STREET, LONDON",EC3A 2BJ,UK,,gb 725090655
IN-01687,ERP_VENDORS,123Xyz,"167 CLAPHAM HIGH STREET, LONDON",SW4 7SS,United Kingdom,,
IN-01688,ERP_VENDORS,BATESTRANSPORT (HAMPSHIRE) Ltd,"The Ivy Ho, 1 Folly Ln, Petersfield",gu31 4au,United Kingdom,,
IN-01689,ERP_VENDORS,19 TYNEMOUTH SREETFREEHOLD LIMITED,"19 TYNEMOUTH STREET, LONDON",SW6 2QS,,,
IN-01690,ERP_VENDORS,Axior Group,"71-75 Shelton Street, Covent Garden, London",WC2H 9JQ,UK,https://www.axiorgroup.com/,
IN-01691,ERP_VENDORS,Api Sky Aviataon,"3 Anderson Ct, Newnham Rd, Cambridge",CB39EZ,United Kingdom,,
IN-01692,WEB_FORM,Above & Beyond Property Solutions,,,United Kingdom,https://aboveandbeyondpropertysolutions.com/about,
IN-01693,ERP_VENDORS,Servicios de Limpieza Ash S.L.,"23-27 Bolton Street, Chorley, Lancs",PR7 3AA,Reino Unido,,
IN-01694,WEB_FORM,AVIB CITY CONSTRUCTION LIMITED,"45 TWIST WAY, SLOUGH",SL2 2AY,,,GB571182524
IN-01695,WEB_FORM,ASPIRE TRADES Limited Company,"92 BLAKEFIELD ROAD, ST JOHNS, WORCESTER",WR2 5DP,United Kingdom,,
IN-01696,WEB_FORM,ASG MARKETING LIMITED,"2nd floor, east, automotive ho, slough SL2 5AF",,UK,,
IN-01697,WEB_FORM,AINTREE GRROUP,"Office 43, 1000 Lakeside",PO63EZ,UNITED KINGDOM,,
IN-01698,CRM,ADROITINTERIM MANAGEMENT Ltd.,38C King Charles Rd KT5 8PY,,United Kingdom,,
IN-01699,CRM,Apsawa Limited,"9A Stoke Newington Road, London",N16 8BH,United Kingdom,,
IN-01700,CRM,Asia Senastion Ltd,"19 King St, Mold CH7 1LA",,,,
IN-01701,ERP_VENDORS,ASKLET PROPS LIMITED,"16 Beaufort Court Admirals Way, Canary Wharf, London",E14 9XL,United Kingdom,,
IN-01702,ERP_VENDORS,BR CEATINGS LIMITED,"14 TREFOIL ROAD, STANLEY",DH9 9PH,ENGLAND,,
IN-01703,WEB_FORM,Beverly Marks Stage School Limited Company,"Suite 1 Concept House, 23 Billet Lane, Hornchurch",RM11 1XP,,,
IN-01704,WEB_FORM,191 BATH ROAD MANAGEMENT COMPANY LIMITED,"Flat 1, 191 Bath Rd, Cheltenham",gl53 7lz,,,
IN-01705,ERP_VENDORS,BARESTATES LTD,"45 CHARLTON GARDENS, BRISTOL",BS10 6LU,United Kingdom,,
IN-01706,WEB_FORM,ANLABYPAK HOTEL LTD,"265 HULL ROAD, ANLABY COMMON, HULL",HU4 7RY,GB,,
IN-01707,WEB_FORM,Andrew Wicsk Creative Ltd.,5 Blake Rd RG18 9WN,,ENGLAND,,
IN-01708,ERP_VENDORS,A.C. ELECTRICAL SOLUTIONS LIMITED,4 clews rd,b98 7st,,,
IN-01709,WEB_FORM,AMP ACCOUNTING,"6 Oaklands Avenue, Wrexham, Clwyd",,UK,,
IN-01710,ERP_VENDORS,9 EGGS LIMITED,"11 De Grey Square, Colchester",CO4 5YQ,United Kingdom,,
IN-01711,WEB_FORM,Brengme Hospitality Limited,"15 Alexandra Corniche, Hythe",CT21 5RW,United Kingdom,,
IN-01712,CRM,54 AMERSHAM HILL MANAGEMENTCOMPANY,"54 Amersham Hill, High Wycombe",HP136PQ,UK,,
IN-01713,CRM,AIKO INC LTD,"11 The Retreat, Cheam Common Road, Worcester Park",KT4 8SU,United Kingdom,,
IN-01714,CRM,AUTOMOTIVE ACCIDENTREPAIRS LTD,"Unit 3, James Scott Road, Halesowen",B63 2QT,United Kingdom,,
IN-01715,WEB_FORM,23 HOMAS,"72 Ryder St, Cardiff",CF11 9BU,UK,,
IN-01716,CRM,Bizz21Academy Limited,"8 KRITHIA ROAD, DAGENHAM",RM9 4BW,ENGLAND,,
IN-01717,WEB_FORM,BEATUÉ D'OR LTD,"94 CHAGFORD ROAD, READING",RG2 8AZ,ENGLAND,,
IN-01718,ERP_VENDORS,5 Arlington Villas Mgmt Ltd,5 Arlington Villas BS8 2ED,,GB,,
IN-01719,ERP_VENDORS,Asklet Properties Ltd,"16 BEAUFORT COURT ADMIRALS WAY, CANARY WHARF, LONDON",E14 9XL,GB,,
IN-01720,CRM,AURLEIA ARTISANCANDLE CO LTD,"4 leaston farm cottages, humbie",EH36 5PD,GB,,
IN-01721,CRM,Bonaventure Road Management Company Ltd.,"180 Bridge Road, Victor Stewart, Sarisbury Buildings, Southampton",SO31 7EH,GB,,GB816985949
IN-01722,CRM,ANDY'S IMPORST LIMITED,"9A BELLROPE LANE, WYMONDHAM, NORFOLK",NR18 0QX,,,
IN-01723,ERP_VENDORS,Abyegn,17 Walpole Rd E17 6PS,,ENGLAND,,
IN-01724,ERP_VENDORS,ASOANELEGANCE BY Z LTD,"2 Deepdale Villas, Finchwell Road, Sheffield",S13 9AS,GB,,
IN-01725,WEB_FORM,Absolute Care Pembrokeshire,"5 Oaklands Terrace, Wiston, Haverfordwest",SA62 4PR,GB,,GB059454002
IN-01726,CRM,Beauty And The Balance,,,UNITED KINGDOM,,820 0846 40
IN-01727,WEB_FORM,AMBER BIDCO LIMITED,"Riverside Three Albert Wharf, 22 Hester Rd",sw11 4an,,,
IN-01728,CRM,BROWN BEARCREATIE LTD,"7-9 Crosby Street, Carlisle",CA1 1DQ,UK,,
IN-01729,CRM,AR ARCIHTECTURE LTD,"OFFICE 110, CENTRO WORKSHOPS 64 PRATT STREET, CAMDEN, LONDON",NW1 0DL,GB,,
IN-01730,CRM,Al Ayuni Development Ltd,"34 Ombersley Rd, Bedford MK42 9JX",,United Kingdom,,
IN-01731,WEB_FORM,"63, TENNYSON ROAD LIMITED","flat 4, 63 flat 4, 63, tennyson rd, london",nw6 7ru,,www.63tennysonroad.uk,
IN-01732,ERP_VENDORS,Becton Dickinson Uk Financing I LTD,"1030 ESKDALE ROAD WINNERSH TRIANGLE, WOKINGHAM, BERKSHIRE",RG41 5TS,United Kingdom,,
IN-01733,WEB_FORM,Apex Bespokefitouts Ltd.,"Fulford Ho, Newbold Terrace, Leamington Spa",CV324EA,GB,,
IN-01734,ERP_VENDORS,BAKREYCOURT (BOVINGDON) LIMITED,"RADIUS HOUSE, 51 CLARENDON ROAD, WATFORD",WD17 1HP,United Kingdom,,
IN-01735,ERP_VENDORS,23 CITY ROAD LIMITED,"Unit 19 Mitchell Point Ensign Way, Southampton SO31 4RF",,ENGLAND,,
IN-01736,ERP_VENDORS,Bakery Court (Bovingdon),,,United Kingdom,,gb 107964907
IN-01737,WEB_FORM,Beyond Design And Tech Ltd.,"JOAMAR, MAIN STREET, BECKLEY, RYE",TN31 6RJ,UNITED KINGDOM,,
IN-01738,ERP_VENDORS,ARTICUL8 LTD,"2 Laurel Villas, Laddingford",ME186BY,ENGLAND,,
IN-01739,WEB_FORM,Abodeventures Limited,"46 Meadow Nook, Boulton Moor, Derby",de24 5ag,GB,,
IN-01740,ERP_VENDORS,Bolt Invustments Limited,"SUITE A, 82 JAMES CARTER ROAD, MILDENHALL",,UK,,
IN-01741,CRM,4303 Evants Limited,"38 Whitefield Road, Stockton Heath, Warrington",WA4 6LZ,ENGLAND,,
IN-01742,WEB_FORM,Alison Mcwhirter,"23 CASSALANDS, DUMFRIES",,UK,WWW.ALISONMCWHIRTER.CO.UK,
IN-01743,ERP_VENDORS,101 Films,,,GB,info@101films.co.uk,
IN-01744,WEB_FORM,Bg Floorig Limited,"22 BALLS GREEN, WITHYHAM",TN7 4BU,,,
IN-01745,WEB_FORM,Ayyadan Capital,"APARTMENT 12 LAKE HOUSE, 66 ELLESMERE STREET, MANCHESTER",M15 4QT,United Kingdom,WWW.AYYADANCAPITAL.COM,
IN-01746,ERP_VENDORS,350 Burger,"UNIT 11 THE SHED, SERGEANTS YARD, BORDON",GU35 0DJ,,,GB 311 3103 71
IN-01747,WEB_FORM,Imprenta Diamante Negro S.L.,"107 Sunbeam Street, Wolverhampton",WV2 4PG,Reino Unido,,
IN-01748,CRM,Art Of Disco,"89A HIGH STREET, YARM",TS15 9BG,GB,,
IN-01749,ERP_VENDORS,Bermindseygardener Limited,"50 Spenlow Ho, Jamaica Rd, London SE16 4SJ",,GB,,
IN-01750,CRM,Aintree Group Ltd,"OFFICE 43, 1000 LAKESIDE, NORTH HARBOUR, PORTSMOUTH",PO6 3EZ,GB,,
IN-01751,ERP_VENDORS,Abbey Woods Management Company LTD,"UNIT 2/BLOCK C, 14 HULME STREET, SALFORD",M5 4ZG,ENGLAND,,
IN-01752,ERP_VENDORS,Ascndium,"grnd, 16 upper wimpole st W1G 6LT",,UNITED KINGDOM,,
IN-01753,ERP_VENDORS,ALQQUILER LIMITED,"28 Alexandra Terrace, Exmouth",EX8 1BD,GB,,
IN-01754,WEB_FORM,Apex Property Maintance Ltd.,"117 DARTFORD ROAD, DARTFORD",DA1 3EN,GB,,
IN-01755,ERP_VENDORS,Blok Solutions,,,UK,shop.bloksolutions.com,
IN-01756,CRM,17 Malcolm Road Limited Company,"17 Malcolm Road, London",SW19 4AS,,,
IN-01757,ERP_VENDORS,B A TAXI LTD,41 Gopsall St LE2 0DP,,United Kingdom,www.bataxi.co.uk,
IN-01758,WEB_FORM,Boom Wholesale,,,United Kingdom,shop.boomwholesale.co.uk,
IN-01759,ERP_VENDORS,BOOIEPUMPS (FLEET) LTD,"1-3-5 THE BARRACKS, WHITE CROSS, LANCASTER",,ENGLAND,,
IN-01760,ERP_VENDORS,BARK PONE,"Office 12368 182-184 High St North, East Ham, London",e6 2ja,United Kingdom,,
IN-01761,ERP_VENDORS,BIRCHEN HEYES LIMITED,"Birchen Heyes Douglas Ln, Wettenhall, Winsford",CW7 4BH,United Kingdom,,
IN-01762,CRM,Alex Damitrache,"2 oak ct, north leigh bus. park, oxfordshire",ox29 6sw,United Kingdom,,
IN-01763,ERP_VENDORS,Bernard Hughesbakkery Limited,"6 Doagh Road, Ballyclare",BT39 9BG,NORTHERN IRELAND,,
IN-01764,CRM,AM:PM (UK) Limited Company,"Unit 6 Woodstock Way, Thirsk Industrial Park, Thirsk",YO7 3TF,ENGLAND,,
IN-01765,CRM,14 York Avenue Management LTD,"14 YORK AVENUE, HOVE, EAST SUSSEX",BN3 1PH,GB,www.14yorkavenuemanagement.co.uk,GB220916702
IN-01766,WEB_FORM,Appsclodino Ltd,"Appscloudino Ltd, 86-90 Paul Street, London",EC2A 4NE,ENGLAND,,
IN-01767,ERP_VENDORS,Asl Group London LIMITED,"Unit 12-13 Victoria Industrial Park, Victoria Road, Dartford",DA1 5AJ,ENGLAND,,
IN-01768,WEB_FORM,AUTO COMPLETE LTD,"8 harrier rd, london",NW9 5BN,United Kingdom,www.autocomplete.co.uk,GB359191948
IN-01769,ERP_VENDORS,18 BARHTOLOMEW VILLAS RTM COMPANY Ltd.,"C/O Uniq Block Management Harlow Enterprise Hub, Harlow",CM20 2NQ,UK,,
IN-01770,CRM,Bigg B Holdings Ltd,"5 MAIN STREET, FULFORD, YORK",YO10 4HJ,GB,,
IN-01771,WEB_FORM,Atom Engineering Services,,,UNITED KINGDOM,,100 9090 54
IN-01772,ERP_VENDORS,Badman And Badmon (Joinery) Limited,"2 Stafford Place, Weston-Super-Mare",BS23 2QZ,GB,,
IN-01773,CRM,ALEXATRANS Ltd.,"10 BUTTERMERE WAY, GRIMSBY",DN32 7EH,ENGLAND,,
IN-01774,ERP_VENDORS,Api Sky Aveation Ltd,"3 Anderson Court, Newnham Road, Cambridge",CB3 9EZ,ENGLAND,,
IN-01775,ERP_VENDORS,Blether Health Limited Company,"11 CRAWFURD GARDENS, RUTHERGLEN, GLASGOW",G73 4JP,UK,,
IN-01776,ERP_VENDORS,ASPIREIMMIGRATION Limited,"61A Friargate, Preston",PR12AT,UK,,
IN-01777,CRM,Costruzioni Angelo Blu S.r.l.,"12 Tempsford Way, Fulshaw Manor, Wilmslow",SK9 1GE,Regno Unito,,
IN-01778,WEB_FORM,Alex Flanagan Management,"Kinders Lodge Kinders Lane, Greenfield, Oldham",OL3 7BJ,United Kingdom,,
IN-01779,CRM,ATLANTA ENTERPRISES Limited Company,"SUITE 2D BUILDING 1 EASTERN BUSINESS PARK, ST MELLONS, CARDIFF",CF3 5EA,United Kingdom,,
IN-01780,ERP_VENDORS,Blue Trove,,,UNITED KINGDOM,https://bluetrove.co.uk/about,
IN-01781,CRM,Blp 2001-58 Limited,"MANSON'S LANE, THURSO, CAITHNESS",KW14 8EP,GB,,
IN-01782,WEB_FORM,Bright Plan Küchen GmbH,"66 Ennerdale Road, Leigh",WN7 2TA,Vereinigtes Königreich,,
IN-01783,CRM,Addeaze Company,,,,,GB-822-5675-07
IN-01784,WEB_FORM,BANGOR SECUIRTIES LIMITED,"Suite 7, 342, Great Cheetham Street East, Salford",M7 4UJ,UNITED KINGDOM,,
IN-01785,ERP_VENDORS,ADAPTATIONS BUILDINGCONSTR Ltd.,Arvon Wolverhampton Rd,WS67JA,UK,,
IN-01786,WEB_FORM,BEAT HOTEL LIMITED,"Beat Hotel Limited C/O Beat Hotel International Ltd, 35 Jesse Boot Avenue, Nottingham",NG7 2RU,UK,,
IN-01787,WEB_FORM,Amc Painting & Decorating (Devon),,,ENGLAND,https://www.amcpaintinganddecoratingdevon.co.uk/,
IN-01788,CRM,ADG PLUMBING & HEATING LIMITED,"C/O Cantelowes Limited, 1 Royal Exchange Ave, London",EC3V3LT,UK,,
IN-01789,CRM,Aurexis,,,,WWW.AUREXIS.CO.UK,
IN-01790,ERP_VENDORS,ABSCAPCU (UK) LIMITED,"10 COLVILLE MEWS, LONDON",W11 2DA,UK,,
IN-01791,CRM,Bregl Gp (Uk) Llp,"20 Air Street, London",,ENGLAND,,
IN-01792,ERP_VENDORS,BM CAMBS Limited Company,"304A LINCOLN ROAD, PETERBOROUGH",PE1 2PF,ENGLAND,,
IN-01793,CRM,BREWERY LANE (BALDOCK) MANAEMENTCOMPANY LIMITED,"PROVINCIAL HOUSE, 3 GOLDINGTON ROAD, BEDFORD",MK40 3JY,GB,,
IN-01794,CRM,ALPHA LADSOPERATIONS LIMITED,"35 Field Drive, Barnsley",S72 8RH,,,
IN-01795,WEB_FORM,A P S Brenthurst,,,GB,shop.apsbrenthurst.co.uk,
IN-01796,WEB_FORM,Adenacst Limited Company,"three gables, hemel hempstead",HP39HN,United Kingdom,,
IN-01797,ERP_VENDORS,123Xyz Ltd,"167 Clapham High St, London",SW4 7SS,UNITED KINGDOM,,
IN-01798,WEB_FORM,BACH VENTURES LIMITED,"pentre bach, waunfawr",ll54 7aj,GB,,
IN-01799,ERP_VENDORS,A P S Brenthurst LIMITED,"40 LANSDOWNE ROAD, LUTON",LU3 1EE,UK,,
IN-01800,ERP_VENDORS,1ST CALL MOBILITY LIMITED,Morton Ho,LU20HL,United Kingdom,,
IN-01801,CRM,Bien-Etre Limited,"123 Minories, London",ec3n 1nt,United Kingdom,,
IN-01802,WEB_FORM,Aj Studios Mcr,,,ENGLAND,https://ajstudiosmcr.co.uk/about,
IN-01803,ERP_VENDORS,Bär Reinigung GmbH,"2 Kew Close, Kenilworth",,Vereinigtes Königreich,,
IN-01804,ERP_VENDORS,Beechgrove Property Investments,"The Coach House Wootton, Eccleshall, Stafford",ST21 6HU,UK,,
IN-01805,CRM,Ben W Hldggs Ltd,"1 BARBICAN PARADE, BARBICAN ROAD, LOOE",PL13 1EZ,United Kingdom,,
IN-01806,CRM,AXIIS MEDICALCLINIC LTD,"UNIT 4, STIRLING COURT YARD, STIRLING WAY, BOREHAMWOOD",WD6 2FX,United Kingdom,,
IN-01807,ERP_VENDORS,Ankaz,"71-75 SHELTON STREET, COVENT GARDEN, LONDON",WC2H 9JQ,UK,,GB-560-4446-00
IN-01808,CRM,BLOCK4 RECORDER QUARTET LTD,"5 Bankside Place Bankside Place, Maresfield, Uckfield",TN22 2DX,UK,,
IN-01809,ERP_VENDORS,AUROCH CAPITALADVISORY Ltd.,"1 allied bus. centre, harpenden",al5 4ut,United Kingdom,,
IN-01810,CRM,Alpi38 Limited,"29-31 Lowfield Street, Dartford",DA1 1EW,GB,,
IN-01811,ERP_VENDORS,Black Mill Brewrey Ltd,"2 The Beeches, Tickton, Beverley",HU17 9RL,GB,,
IN-01812,ERP_VENDORS,BROMLEY RDG DEEVS LIMITED,"Unit 1 Spring Park, Clayburn Road, Grimethorpe",S72 7FD,United Kingdom,,
IN-01813,ERP_VENDORS,Albatrostowng Ltd,"Exchange House, St. Cross Lane, Newport",PO30 5BZ,UK,,
IN-01814,WEB_FORM,Apex Property Maintance,"117 DARTFORD ROAD, DARTFORD",DA1 3EN,United Kingdom,http://apexpropertymaintance.co.uk/contact-us,
IN-01815,ERP_VENDORS,BIGGALOY LTD,"27 Old Gloucester St, London",wc1n 3ax,UK,,
IN-01816,CRM,AJK PM Limited,"C/O Sandison Easson & Co Rex Buildings, Wilmslow",SK9 1HY,UNITED KINGDOM,,
IN-01817,WEB_FORM,ABDIAZIZ MOHAMED Limited,"25 Laxford Close, Leicester",,United Kingdom,,
IN-01818,CRM,Azare Blue Design Limited,"77 SCHOOL LANE, MANCHESTER",M20 6WN,,,
IN-01819,CRM,BAIGRE LIMITED,"The Limes, 1339 High Road, London",N20 9HR,United Kingdom,,
IN-01820,ERP_VENDORS,BLUE WOOLF ESTATES Ltd.,12 Buntsford Dr B60 3DJ,,ENGLAND,,
IN-01821,ERP_VENDORS,BLACK DUST CREITIONS LTD,"UNIT 6 HERITAGE BUSINESS CENTRE, DERBY ROAD, BELPER",DE56 1SW,United Kingdom,,
IN-01822,WEB_FORM,BRACKLEY GROUP,"CENSEO HOUSE, 6 ST. PETERS STREET, ST. ALBANS",AL1 3LF,ENGLAND,,
IN-01823,WEB_FORM,ADRIAN GORST SVCS LIMITED,"9 Eresbie Road, Louth",,,,
IN-01824,WEB_FORM,ARKK ENTERPRISES LIMITED,"65 Denecroft Crescent, Uxbridge",ub10 9hy,UK,,
IN-01825,CRM,BLOOMVILLEPOPERTYS LIMITED,"Northfield Hotel, Holmsley Lane, South Kirkby",WF9 3HX,,,
IN-01826,CRM,Ashrteepartners L.L.P.,"Gnd Floor, Techno Centre, Horsforth",LS18 5BJ,United Kingdom,,
IN-01827,WEB_FORM,300 Yards Of Film Ltd,17 West End West End LE15 8BD,,UK,,
IN-01828,WEB_FORM,Bas Estaes Ltd,"HEATH HILL GREEN ATLANTIC BUSINESS CENTRE, ATLANTIC STREET, ALTRINCHAM",WA14 5NQ,United Kingdom,,GB867011946
IN-01829,CRM,Amy&H Property Managment Ltd.,"34 Townson Avenue, Northolt",UB5 6PP,,www.amyandhpropertymanagment.co.uk,GB551887923
IN-01830,CRM,Bold Innovate,,,United Kingdom,https://www.boldinnovate.com/,
IN-01831,WEB_FORM,Borehamwood Propco LTD,"5 Beaumont Gate, Shenley Hill, Radlett",,UK,www.borehamwoodpropco.com,
IN-01832,CRM,B GIFTED LTD,"10 Copt Elm Rd, Cheltenham",GL538AB,UK,,
IN-01833,WEB_FORM,52 WESTCOURT ROAD RTM COMPANY LIMITED,"Unit H Oakdene Farm Whinwhistle Rd, East Wellow",SO516BH,United Kingdom,,
IN-01834,CRM,BERKSHIRE DENTAL SUITE Ltd.,"Cornwall House, 55-57 High Street, Slough",SL1 1DZ,GB,,
IN-01835,CRM,Aedlinservices Ltd.,"15629708 - Companies Ho Default Address, Cardiff",cf14 8lh,GB,,
IN-01836,WEB_FORM,Arkhitekton Energy Limited,"Quadrant Ho Floor 6, London",E1W1YW,United Kingdom,,
IN-01837,ERP_VENDORS,Aqi Barber,"26 RAWMARSH ROAD, SUNDERLAND",SR5 5HF,UK,aqibarber.uk,
IN-01838,CRM,Blaue Ente Ingenieurbüro GmbH,"10 Buckingham Drive, Northwich",CW9 8WB,Vereinigtes Königreich,,
IN-01839,CRM,AMYS SOLUTIONS Ltd.,"50 MARFITT STREET, LEICESTER",,,,
IN-01840,ERP_VENDORS,Blackhorse Lane Employees - Shared Ownership,,,UK,,838147221
IN-01841,ERP_VENDORS,Andrew Cartwright Football Coaching,"41 BRIERDENE CRESCENT, WHITLEY BAY",,ENGLAND,http://andrewcartwrightfootballcoaching.com/contact-us,
IN-01842,WEB_FORM,Allonex,,,,,GB 802370955
IN-01843,CRM,Amma Civil & Structural Engineering Pvt,"123 WOOD END GARDENS, NORTHOLT",UB5 4QW,GB,,gb 167423310
IN-01844,CRM,ASBESTOSTRIP INNOVATIONS UK LIMITED,"14a tufthorn ind. est., coleford",GL168PJ,United Kingdom,,
IN-01845,WEB_FORM,Accountax World,,,United Kingdom,,GB-192-7509-26
IN-01846,WEB_FORM,AYYADENCAPITAL LTD,"APARTMENT 12 LAKE HOUSE, 66 ELLESMERE STREET, MANCHESTER",M15 4QT,United Kingdom,,
IN-01847,CRM,Brickvalu Developments Limited,"25 Belle Vue Road, Shrewsbury",SY3 7LN,United Kingdom,,
IN-01848,ERP_VENDORS,B K Feencing LIMITED,4 Imperial Square,GL501QB,ENGLAND,,
IN-01849,CRM,Antec Cte,"10 MILES HILL VIEW, LEEDS",LS7 2EJ,GB,anteccte.com,
IN-01850,ERP_VENDORS,BLACKOAK CAPITAL PARTNERS LIMITED,"city place, chester CH1 3BQ",,UK,,
IN-01851,ERP_VENDORS,Barkmere,"ACADEMY HOUSE, 11, DUNRAVEN PLACE, BRIDGEND",CF31 1JF,United Kingdom,,336348342
IN-01852,CRM,2 Diamonds Construction Ltd,"70-72 Victoria Rd, Ruislip HA4 0AH",,,www.2diamondsconstruction.co.uk,
IN-01853,ERP_VENDORS,Aberdeen Automotive Limited,"farburn ho farburn terrace, dyce, aberdeen",AB21 7DT,,,
IN-01854,WEB_FORM,Bp Consulting,,,,https://www.bpconsulting.co.uk/,
IN-01855,WEB_FORM,Bm Cabs Limited,"304A LINCOLN ROAD, PETERBOROUGH",PE1 2PF,UK,,
IN-01856,CRM,04282072,"c/o frp advisory llp, derby ho 12 winckley square",PR1 3JJ,,,
IN-01857,CRM,ADSF PROPERTIES Limited,"71-75 Shelton Street, Covent Garden, London",WC2H 9JQ,UK,,
IN-01858,WEB_FORM,Astwood Consultants Limited,"Eyreswood Farm Astwood Rd, Cranfield, Bedford",MK430AU,GB,,
IN-01859,WEB_FORM,Bhp Property Group Ltd,"29 New Broadway, Middx, Hillingdon",UB10 0LL,GB,,
IN-01860,WEB_FORM,Bio Sonic Productions,"UNIT 7 THE PARADE, MONARCH WAY, ILFORD",IG2 7HT,,,gb 336161854
IN-01861,CRM,BULLECTRICS Ltd,"1 Three Tees, Maidstone",me15 8rg,GB,,
IN-01862,WEB_FORM,Brandon Mead (Painswick) Management Limited,"4 Hambutts Mead, Stroud",GL66RP,United Kingdom,www.brandonmeadpainswickmanagement.co.uk,
IN-01863,ERP_VENDORS,Abdiazizmohamed Ltd,"25 LAXFORD CLOSE, LEICESTER",LE4 0RB,,,
IN-01864,WEB_FORM,BARRETTS FINANCIAL SOLUTIONS Ltd.,"WHITE HOUSE CORNER, CLAVERING ROAD, MANUDEN",CM23 1BQ,UK,,
IN-01865,CRM,Bournevalley Contractors Ltd,"88 Burnt Hill Road, Lower Bourne, Farnham",GU10 3LJ,,,
IN-01866,ERP_VENDORS,BOLIVIA CLASICA Ltd,"28 St. John'S Villas, London",N19 3EG,UK,,
IN-01867,WEB_FORM,Abbeydale Blinds LIMITED,"9 Shottery Brook Office Park Timothys Bridge Road, Stratford Enterprise Park, Stratford-Upon-Avon",,GB,,
IN-01868,ERP_VENDORS,Beatdibs Ltd.,"31 EGMONT STREET, SALFORD",M6 7FJ,,,
IN-01869,WEB_FORM,Asmklogistics Ltd.,"124 City Rd, London",EC1V 2NX,UNITED KINGDOM,,
IN-01870,ERP_VENDORS,ABURA HOLDINGS Limited,"PEWTER HOUSE FARM CARR LANE, BALDERSTONE, BLACKBURN",BB2 7LN,ENGLAND,,
IN-01871,WEB_FORM,Andrea Berkeley,,,GB,,GB-796-7945-75
IN-01872,ERP_VENDORS,Aaron & Callum Properties Ltd,Unit 27,NG24EQ,GB,,
IN-01873,CRM,Alpha Mortgagesolns Ltd,"71-75 SHELTON STREET, LONDON",WC2H 9JQ,GB,,
IN-01874,WEB_FORM,APCTFB LTD,"office 620 initial bus. centre, wilson bus. park, manchester M40 8WN",,GB,,
IN-01875,CRM,BAKE WITH KAISH LTD,"38 Hessewelle Crescent, Haswell, Durham DH6 2EQ",,,,
IN-01876,CRM,Aloealoemedical And Scientific Writing LIMITED,"delta 606, welton rd, swindon SN5 7XF",,UK,,
IN-01877,WEB_FORM,808 Films,"5 CANAL WHARF, CHICHESTER",PO19 8EY,UK,,
IN-01878,CRM,Akiko Shishido Limited,"20-22 WENLOCK ROAD, LONDON",N1 7GU,UK,,
IN-01879,WEB_FORM,Belmont Heeights (No.2) Residentscompany,stonemead ho CR0 2RF,,UK,,
IN-01880,CRM,AJR VISION LTD,"2 newcroft ho, stonebridge park, london NW10 8DZ",,,,
IN-01881,WEB_FORM,Ashdalefencing Ltd,"80 TRUSLEY BROOK, HILTON, DERBY",DE65 5LA,GB,,
IN-01882,CRM,20Twenty Hair And Beauty,,,SCOTLAND,https://20twentyhairandbeauty.co.uk/about,
IN-01883,WEB_FORM,BENCH FASHION Ltd.,"2ND FLOOR STUDIO 18, 18 HILTON STREET, MANCHESTER",M1 1FR,GB,,
IN-01884,CRM,BIGFIELD CONSULTING LIMITED,"23 Lyric Ho, Beames Rd, London",NW108GS,UK,,
IN-01885,ERP_VENDORS,Adam Leese Design,"48 NEWMAN DRIVE, CHURCH GRESLEY, SWADLINCOTE",,United Kingdom,,GB 492539249
IN-01886,ERP_VENDORS,AFFLUENCE'S LONDUN LTD,"46 CAMDEN ROAD, LONDON",NW1 9DR,,,
IN-01887,ERP_VENDORS,ABODEDEVELOPMENTS AND MANAGEMENT LTD,"63-65 HEWORTH ROAD, HEWORTH, YORK",YO31 0AA,GB,,
IN-01888,WEB_FORM,Block And Mortar Ltd.,"Unit 4M Button Street Business Park, Button Street, Swanley",BR8 8DX,ENGLAND,,
IN-01889,WEB_FORM,8 Cosntructionmanagement,Flat 12 Summer Meadow,GL4 6AQ,,,
IN-01890,ERP_VENDORS,Below Zero Connections,"2 SANDYS CLOSE, RUSHWICK, WORCESTER",WR2 5UJ,UK,,gb 305339910
IN-01891,WEB_FORM,BISHOPSGATE TRANSFORMATION LTD,"6 Wells Cl, Harpenden AL5 3LQ",,UK,,
IN-01892,CRM,Brickvale Developments,,,ENGLAND,http://brickvaledevelopments.co.uk/contact-us,
IN-01893,CRM,Ab Homeessentials Limited,"65 Corbiehill Road, Edinburgh",EH4 5AT,UK,,GB743994926
IN-01894,CRM,Baskerville Worldwide Sourcing Limited,"Fen Villa The Fen, Norwich",NR162HJ,GB,,
IN-01895,WEB_FORM,Arma Essentials Ltd,"24 Stewart St, Nuneaton",CV115SA,,,
IN-01896,ERP_VENDORS,Brighton Court (Freehold),"322 Upper Richmond Road, London",SW15 6TL,United Kingdom,,GB-309-5878-88
IN-01897,ERP_VENDORS,Bromley & Croydon Jiu Jitsu Limited,"14 Maple Rd, London SE20 8HB",,,,
IN-01898,WEB_FORM,21 SOUTHEY ROAD MANAGEMENT Limited Company,"1ST AND 2ND FLOOR, 126 HIGH STREET, EPSOM",KT19 8BT,United Kingdom,,
IN-01899,CRM,Ac Dairies,"26 High Street, Annan",DG12 6AJ,GB,WWW.ACDAIRIES.CO.UK,
IN-01900,WEB_FORM,A&A TARDERS AND DISTRIBUTION LTD,"8B FORMANS ROAD, SPARKHILL, BIRMINGHAM",B11 3AH,United Kingdom,,
IN-01901,WEB_FORM,Bourne Valley Contractors,"88 Burnt Hill Road, Lower Bourne, Farnham",GU10 3LJ,ENGLAND,,620556195
IN-01902,ERP_VENDORS,5R Solns Ltd,"43 WELLINGTON ROAD, HANDSWORTH, BIRMINGHAM",,,www.5rsolutions.co.uk,GB104298223
IN-01903,ERP_VENDORS,BANDWAGON HOLDINGS LIMITED,Summit Ho,NW36BP,GB,www.bandwagonholdings.co.uk,
IN-01904,ERP_VENDORS,Art Of Investmment Ltd.,"Ascot Studios Bee Mill, Ribchester",PR33XJ,UNITED KINGDOM,,
IN-01905,CRM,ARCHITECH BUILDING DESIGN CONSULTANTS LIMITED,"72 Lytton Ave, Letchworth Garden City",sg6 3hy,UK,,
IN-01906,ERP_VENDORS,Aelverse Limited,"63 Leopold Road, East Finchley, London",N2 8BG,UK,,
IN-01907,WEB_FORM,Amandarckley Esmt LTD,"kma chartered management accountants, 28 west st",LU6 1TA,ENGLAND,,
IN-01908,CRM,Aldermans Greenmanagement Services (Coventry) Ltd.,1 Abbotts Green,LE102QZ,GB,,
IN-01909,CRM,Aquariumgardns Limited,"11A Kingston Park, Peterborough",PE2 9FT,,,
IN-01910,WEB_FORM,Balkrishn Ltd,"65a birmingham rd, great barr, birmingham",b43 6nx,,,
IN-01911,CRM,ALDRINGHAM HOUSE LIMITED,"3 Aldringham Ho Aldeburgh Rd, Aldringham, Leiston",IP16 4PT,ENGLAND,,
IN-01912,ERP_VENDORS,Bakery Mews Rte Company Limited,3 Copper Beech Cl,HP30DG,United Kingdom,,
IN-01913,WEB_FORM,B21,,,GB,https://www.b21.co.uk/,
IN-01914,WEB_FORM,AFG LAW CONSULTANCY Limited,"273 OLD KENT ROAD, BASEMENT, LONDON",SE1 5LU,,www.afglawconsultancy.co.uk,
IN-01915,WEB_FORM,3Ds Frruit & Veg International Ltd,"60 Victoria Avenue, London",E6 1EY,,,
IN-01916,WEB_FORM,AF UK CORBY,"Victoria House, 50-58 Victoria Road, Farnborough",GU14 7PG,GB,,
IN-01917,CRM,Bill Standard Ltd,"cairnisle, liverpool",l12 2ar,United Kingdom,,
IN-01918,WEB_FORM,BRAINHCILDPRODUCTIONS LTD,"Station Ho Station Approach, Leatherhead",KT246QX,,,
IN-01919,WEB_FORM,Accimmodatix,Eastlands Ct Bus. Centre CV21 3QP,,GB,,
IN-01920,WEB_FORM,B C Locationsvcs Limited,"Unit 42 The Coach House St Mary'S Business Centre, 66-70 Bourne Road, Bexley",DA5 1LU,UK,,
IN-01921,CRM,BRIDGEPOINT PRIVATE EQUITY Ltd.,"5 MARBLE ARCH, LONDON",W1H 7EJ,United Kingdom,,
IN-01922,WEB_FORM,121 Abundant Learning,"3Rd Floor, 86-90, Paul Street, London",EC2A 4NE,UK,http://121abundantlearning.com/contact-us,
IN-01923,CRM,ACTION JOINERY LIMITED,5 elizabeth cl,DN33 3HS,UK,,
IN-01924,CRM,ASSOCIATED STONE HERITAGE CONSERVATION AND RESTORATION Limited,"UNIT 20, ROPERY BUSINESS PARK, ANCHOR & HOPE LANE, LONDON",SE7 7RX,,,
IN-01925,CRM,AELLOMUSIC LTD,"2Nd Floor College House, 17 King Edwards Road, Ruislip",HA4 7AE,GB,,
IN-01926,WEB_FORM,A.T.C. Design And Build,,,ENGLAND,,gb 115314448
IN-01927,ERP_VENDORS,Advanced Asset Consultants LTD,"Tay House (Spaces) 300 Bath Street, Bath Street, Glasgow",G2 4JR,,,
IN-01928,CRM,A1T1 Ltd Llt Ltd,"16411336 - Companies House Default Address, Cardiff",CF14 8LH,GB,,
IN-01929,CRM,ARTISANRECRIITMENT (UK) LTD,"ARTISAN SUITE FITZLEROI FARM, FITTLEWORTH, PULBOROUGH",RH20 1JN,GB,,
IN-01930,CRM,Arkk Enterprises,,,GB,info@arkkenterprises.co.uk,
IN-01931,WEB_FORM,Asia Sensation,,,WALES,,GB 792 8715 44
IN-01932,ERP_VENDORS,Base 13 Fitness,"Basement Unit, Rose House, Eastdown Park",SE13 5GF,UK,,
IN-01933,WEB_FORM,BERSA PERFUMERY Ltd.,"40-42 MERCHANT STREET, BRISTOL",BS1 3EP,GB,,
IN-01934,CRM,ATAMX,"47 Woodmancote Vale, Cheltenham",gl52 9rj,UNITED KINGDOM,,
IN-01935,WEB_FORM,AIBEY SVCS Ltd.,"Flat 19, Slough SL3 8BL",,United Kingdom,,
IN-01936,ERP_VENDORS,360 Design Studio,"3 WILLOWBANK ROAD, KNOWLE, SOLIHULL",B93 9QH,GB,,GB 537414515
IN-01937,WEB_FORM,Alfaphysiio Clinic Ltd,"Unit 4 Aura Business Centre, 412 Stretford Road, Manchester",M15 4AE,,,
IN-01938,CRM,Atomx LIMITED,"47 WOODMANCOTE VALE, WOODMANCOTE, CHELTENHAM",GL52 9RJ,GB,,
IN-01939,ERP_VENDORS,Bat Ccm Nine Ltd,"The Hallmark Building, 2Nd Floor, 52-56 Leadenhall St, London EC3A 2BJ",,UK,,
IN-01940,CRM,BEEHIVE AND BLOSSOM LTD,7 Princes Square,HG11ND,United Kingdom,,
IN-01941,WEB_FORM,Alpha Damp & Mould,,,UK,shop.alphadampandmouldgroup.co.uk,
IN-01942,ERP_VENDORS,BLUE WOLF ESTATES LTD,"12 Buntsford Dr, Bromsgrove",B60 3DJ,ENGLAND,,
IN-01943,ERP_VENDORS,Auarnotes Ltd,"37 Elms Lane, Wembley",HA0 2NX,United Kingdom,,
IN-01944,WEB_FORM,AUSTIN MATOS Limited Company,"Flat 1, 21 Rathbone Street, London",W1T 1NF,United Kingdom,,
IN-01945,WEB_FORM,Schwarzer Ochse Bau GmbH,"1 Chapel Lane, Meare, Glastonbury",BA6 9TJ,Vereinigtes Königreich,,
IN-01946,ERP_VENDORS,Bake Leigh On Sea Ltd,"38 Elm Rd, Leigh-On-Sea",SS91SN,ENGLAND,,
IN-01947,CRM,Anlgocaters Lnd Limited,"7 Pool Valley, Brighton",BN1 1NJ,GB,,
IN-01948,ERP_VENDORS,21 Southey Road Management,"1ST AND 2ND FLOOR, 126 HIGH STREET, EPSOM",KT19 8BT,GB,,053903280
IN-01949,WEB_FORM,3DS FRUIT AND VEG INTERNATIONAL LTD,"60 VICTORIA AVENUE, LONDON",E6 1EY,,,
IN-01950,WEB_FORM,AMBERHYDRAULICS LTD,"Unit 4, 251 Holt Road, Horsford, Norwich",NR10 3EB,,,
IN-01951,ERP_VENDORS,Ask Legalsolicitros Ltd,"Suite 8 Southgate Two, 321 Wilmslow Road, Cheadle",,GB,,
IN-01952,CRM,A M PHILLIPS HOME IMPROVEMENT SERVICES Ltd.,"Durham House, 38 Street Lane, Denby",DE5 8NE,United Kingdom,,
IN-01953,ERP_VENDORS,ARCHITECHSURU LIMITED,"UNIT 36 SILK MILL INDUSTRIAL ESTATE, BROOK STREET, TRING",HP23 5EF,,,
IN-01954,ERP_VENDORS,ASIEBRIT LIMITED,"Flat 2, 124A Woodlands Road, Ilford",IG1 1JP,UK,,
IN-01955,ERP_VENDORS,As Synergy,"30 Norman Lane, Ebbsfleet Valley, Swanscombe",DA10 1EL,UK,,
IN-01956,WEB_FORM,BLUCKSTARGOLF LIMITED,"SUITE 4 123 STRATFORD ROAD, SHIRLEY, SOLIHULL",B90 3ND,GB,,
IN-01957,ERP_VENDORS,Bannan Building Contractoors Ltd,"41 Dundee Rd West, Dundee",DD5 1NB,,,
IN-01958,CRM,Anglocaters Lnd,,,,shop.anglocaterslnd.com,
IN-01959,WEB_FORM,Albans Lakes,"8 Pleasant Place, West Hyde Old Uxbridge Road, West Hyde, Rickmansworth",WD3 9XZ,,,909768901
IN-01960,CRM,4Jm Propeties Limited,"11 MORVILLE CLOSE, DORRIDGE",B93 8SZ,UK,,
IN-01961,CRM,ARCHWAY CARDS,"CONIFERS LOW STREET, SMALLBURGH, NORWICH",NR12 9LR,GB,,GB108342651
IN-01962,ERP_VENDORS,Blauwe Gans Bouw B.V.,"58 Mill Lane, Beverley",,Verenigd Koninkrijk,,
IN-01963,ERP_VENDORS,Academy Building Contractors Limited,"Unit 6 Quebec Wharf, 14 Thomas Rd Limehouse, London",E14 7AF,United Kingdom,,
IN-01964,CRM,Bristol & Bathconcrete Limited,"2A ST. IVEL WAY, BRISTOL",,United Kingdom,,
IN-01965,CRM,Services Logistiques Britanniques SAS,"Unit 2 Town Quay Wharf, Abbey Road, Barking",IG11 7BZ,Royaume-Uni,,
IN-01966,ERP_VENDORS,Beacon Accountants,,,United Kingdom,,GB 664376059
IN-01967,ERP_VENDORS,Ajw Construction Consulting,"206 Collis Street, Stourbridge",DY8 4EQ,ENGLAND,,705037082
IN-01968,CRM,Broke Vanilla & Co,,,UK,https://www.brokevanillaand.com/,
IN-01969,WEB_FORM,Bailey And Cronin,"2 Upton Road, Claughton, Wirral",CH41 0DF,United Kingdom,,GB 932 7740 29
IN-01970,CRM,A.T. Dental Laboratory,"9 Court Road, Bridgend",CF31 1BE,UK,info@atdentallaboratory.co.uk,
IN-01971,ERP_VENDORS,ADAMS MRO SOLUTIONS LIMITED,"135-137 Wellingborough Rd, Rushden NN10 9TE",,,,
IN-01972,CRM,Blko Solns Ltd,"33 Hopps Road, Kingswood, Bristol",BS15 9QQ,,,
IN-01973,WEB_FORM,Aroraalliance Ltd,"110 CARLTON AVENUE EAST, WEMBLEY",HA9 8LY,,,
IN-01974,WEB_FORM,Arcadium Ltd.,"45 Oatfield Gardens, Leighton Buzzard",LU7 3YG,ENGLAND,,
IN-01975,WEB_FORM,ABBEY TYRE CO. (CAMBRIDGE) LTD,"ba bush & son, horncastle",ln9 5aq,GB,,
IN-01976,WEB_FORM,ANDRETENNIS,"286B Chase Rd, London",N146HF,,,
IN-01977,ERP_VENDORS,Bhanu Yikes Car Wash,,,United Kingdom,https://bhanuyikescarwash.com/about,
IN-01978,CRM,2 And 4 Wehel Motorsport Limited,"95 SHORE ROAD, GREENISLAND, CARRICKFERGUS",BT38 8TZ,,www.2and4wheelmotorsport.uk,
IN-01979,CRM,11A Stadman Street Ltd.,"suite 2a chatsworth ho, derby DE21 7SR",,,,
IN-01980,CRM,ASPINALL HLODINGS LTD,"TOWER COURT, ARMLEY ROAD, LEEDS",LS12 2LY,GB,,
IN-01981,WEB_FORM,Bia Care,,,GB,https://www.biacareservices.co.uk/,
IN-01982,ERP_VENDORS,Arabicaespresso Serviices Limited Company,"Arabica Ho, Ebberns Rd, Hemel Hempstead",HP39RD,GB,,
IN-01983,CRM,Alquiler,"28 ALEXANDRA TERRACE, EXMOUTH",EX8 1BD,,http://alquiler.co.uk/contact-us,
IN-01984,WEB_FORM,Aga & Ola Property Management,"The Cooper Building, 505 Great Western Road, Glasgow",G12 8HN,,,
IN-01985,CRM,A.B.S. CORPORATO LP Ltd,"272 Bath St, Glasgow",G2 4JR,GB,,
IN-01986,WEB_FORM,Air Safety Support Inl Limited Company,"Aviation Ho, Crawley",RH6 0YR,United Kingdom,,
IN-01987,CRM,Benedictus,,,ENGLAND,,697 7070 33
IN-01988,WEB_FORM,Loto Blu Software S.r.l.,"Demsa Accounts 565 Green Lanes, Haringey, London",N8 0RL,Regno Unito,,
IN-01989,WEB_FORM,Allenby Capital Ltd,"5 St. Helen'S Place, London",EC3A 6AB,UK,www.allenbycapital.co.uk,GB595335399
IN-01990,WEB_FORM,Bridge Group Holdings,,,United Kingdom,,gb 170608868
IN-01991,ERP_VENDORS,ABBOT'S HILL SCHOOL Ltd,"ABBOT'S HILL SCHOOL, BUNKERS LANE, HEMEL HEMPSTEAD",HP3 8RP,GB,www.abbotshillschool.co.uk,
IN-01992,ERP_VENDORS,ALIWELLD LIMITED,"Unit 9, Stargate Industrial Estate, Ryton",NE40 3DG,ENGLAND,,
IN-01993,CRM,Aap Proprty (Ealing) Limited,"SHARMAN HOUSE, THE OVAL, 57 NEW WALK, LEICESTER",LE1 7EA,GB,,
IN-01994,ERP_VENDORS,Athanor Systems,,,,http://athanorsystems.co.uk/contact-us,
IN-01995,WEB_FORM,Viajes Cielos Azules S.L.,"Cardiff House The Business Centre, Cardiff Road, Barry",CF63 2AW,Reino Unido,,
IN-01996,ERP_VENDORS,AD BUILDERS AND DEVELOPRES,"Carlton Ho, Bradford",BD1 4NS,UK,,
IN-01997,ERP_VENDORS,Aurelia Artisancandle Co Limited Company,"4 Leaston Farm Cottages, Humbie",eh36 5pd,UNITED KINGDOM,,
IN-01998,ERP_VENDORS,ALPENBERG LP Ltd,"39/5 GRANTON CRESCENT, EDINBURGH",EH5 1BN,GB,,
IN-01999,WEB_FORM,Bancroftcoourt Freehold Limited,"87 NORTH ROAD, POOLE",BH14 0LT,GB,,
IN-02000,ERP_VENDORS,Armada Technical Authors LIMITED,"2 Highlands Court, Cranmore Avenue, Solihull",B90 4LE,,,
